#,Date,Away,Home,Result,W. Pitcher,L. Pitcher,Boxscore
1,Apr 256:36 PM,Staten Island,Hagerstown,6-1,"Dunaway, M","Richardson, D",final|
1,Apr 256:40 PM,High Point,S Maryland,6-4,"Edwards, J","Miller, J",final|
1,Apr 256:40 PM,Lancaster,Long Island,9-1,"Skirrow, N","Gant, J",final|
1,Apr 257:00 PM,York,Gastonia,,,,Gastonia
1,Apr 257:03 PM,Charleston,Lexington,1-2,"Laio, N","McGowin, K",final|
,Apr 257:10 PM,York,Gastonia,5-4,"Churchill, I","Hasler, K",final|
2,Apr 266:03 PM,Staten Island,Hagerstown,13-3,"Oxford, B","Martinez, J",final|
2,Apr 266:34 PM,Lancaster,Long Island,5-13,"Plesac, Z","Swarmer, M",final|
2,Apr 267:02 PM,York,Gastonia,10-9,"Robinson, C","Myatt, T",final|
2,Apr 267:05 PM,Charleston,Lexington,5-9,"Wicklander, P","Sampson, K",final|
2,Apr 267:54 PM,High Point,S Maryland,14-4,"Scolaro, J","Kahaloa, I",final|
3,Apr 271:36 PM,Lancaster,Long Island,3-2,"Engler, S","Washington, M",final|
3,Apr 272:04 PM,Staten Island,Hagerstown,5-8,"Corcino, D","Sigman, J",final|
3,Apr 272:06 PM,Charleston,Lexington,3-17,"Eastman, C","Endersby, J",final|
3,Apr 272:06 PM,High Point,S Maryland,17-10,"Backman, B","Thurman, A",final|
3,Apr 274:01 PM,York,Gastonia,11-3,"Pace, F","Grey, C",final|
4,Apr 2812:31 PM,High Point,Gastonia,3-0,"Solter, M","Smith, K",final|
5,Apr 282:49 PM,High Point,Gastonia,7-4,"Frisbee, M","Scott, A",final|
6,Apr 296:33 PM,High Point,Gastonia,2-11,"Hennen, R","Guerrieri, T",final|
4,Apr 296:34 PM,Staten Island,Long Island,12-10,"Baker, R","Williams, P",final|
4,Apr 296:39 PM,Charleston,S Maryland,6-3,"Meza, C","Campbell, M",final|
1,Apr 296:48 PM,Lancaster,York,4-9,"Galdoni, L","Killgore, K",final|
4,Apr 298:36 PM,Hagerstown,Lexington,5-4,"Quintana, F","Tully, T",final|
5,Apr 3010:32 AM,Hagerstown,Lexington,3-6,"Castillo, W","Picone, D",final|
5,Apr 306:33 PM,Staten Island,Long Island,8-4,"Dunaway, M","Senger, M",final|
2,Apr 306:34 PM,Lancaster,York,7-8,"Robinson, C","Diehl, P",final|
5,Apr 306:37 PM,Charleston,S Maryland,12-8,"Del Prado, N","Kelly, J",final|
6,May  110:39 AM,Charleston,S Maryland,1-3,"Semple, S","McGowin, K",final|
6,May  112:03 PM,Hagerstown,Lexington,6-13,"Laio, N","Kickham, M",final|
3,May  16:33 PM,Lancaster,York,10-6,"Rees, J","Veen, Z",final|
6,May  16:34 PM,Staten Island,Long Island,10-5,"Oxford, B","Alintoff, J",final|
4,May  26:32 PM,Long Island,York,10-2,"Gant, J","Pace, F",final|
1,May  26:41 PM,Lexington,High Point,6-5,"Wicklander, P","Edwards, J",final|
1,May  26:50 PM,Gastonia,Lancaster,5-6,"Gilliam, R","Wells, N",final|
1,May  26:53 PM,S Maryland,Charleston,7-5,"Kahaloa, I","Lusk, L",final|
1,May  27:01 PM,Hagerstown,Staten Island,2-4,"McSweeney, M","Martinez, J",final|
2,May  33:31 PM,Hagerstown,Staten Island,5-12,"Oxford, B","Corcino, D",final|
3,May  36:22 PM,Hagerstown,Staten Island,6-8,"Andrews, T","Saturria, M",final|
5,May  36:30 PM,Long Island,York,,,,"Postponed to:May 04, 01:00 PM"
2,May  36:35 PM,Lexington,High Point,,,,Cancelled
2,May  36:40 PM,S Maryland,Charleston,2-4,"Sampson, K","Hennessey, J",final|
2,May  36:49 PM,Gastonia,Lancaster,6-3,"Sheffield, J","Garbrick, A",final|
,May  41:02 PM,Long Island,York,2-4,"Denoyer, N","Plesac, Z",final|
3,May  42:03 PM,Gastonia,Lancaster,8-7,"Horvath, N","Diehl, P",final|
8,May  43:37 PM,Lexington,High Point,0-5,"Emanuel, K","Eastman, C",final|
6,May  44:13 PM,Long Island,York,10-9,"Washington, M","Scott, W",final|
3,May  45:54 PM,S Maryland,Charleston,7-2,"Campbell, M","Reyes, S",final|
3,May  46:01 PM,Lexington,High Point,1-3,"Frisbee, M","Tully, T",final|
4,May  611:08 AM,Gastonia,High Point,14-8,"Myatt, T","Solter, M",final|
4,May  66:37 PM,Lexington,Charleston,0-4,"Lebron, D","Castillo, W",final|
4,May  66:48 PM,S Maryland,Lancaster,7-4,"Vazquez, R","Brennan, T",final|
5,May  710:39 AM,Lexington,Charleston,4-3,"Laio, N","Hill, J",final|
4,May  74:04 PM,Long Island,Staten Island,10-9,"Griffin, D","Capuano, C",final|
7,May  75:05 PM,Hagerstown,York,2-4,"Denoyer, N","Richardson, D",final|
5,May  76:38 PM,Gastonia,High Point,3-4,"Scolaro, J","Sheffield, J",final|
5,May  76:49 PM,S Maryland,Lancaster,4-3,"Semple, S","Skirrow, N",final|
5,May  77:07 PM,Long Island,Staten Island,2-3,"Mahoney, J","Tropeano, N",final|
8,May  78:01 PM,Hagerstown,York,3-2,"Kelly, R","Dula, H",final|
6,May  810:34 AM,Long Island,Staten Island,3-1,"Flores, B","Higgins, C",final|
,May  811:03 AM,S Maryland,Lancaster,5-4,"Scrubb, A","Diehl, P",final|
9,May  811:03 AM,Hagerstown,York,7-11,"Pace, F","Kickham, M",final|
6,May  86:39 PM,Gastonia,High Point,3-6,"Barraclough, K","Wells, N",final|
6,May  87:39 PM,Lexington,Charleston,2-1,"Wicklander, P","McGowin, K",final|
4,May  96:30 PM,York,Hagerstown,,,,Hagerstown
,May  96:35 PM,York,Hagerstown,8-6,"Llovera, M","Kelly, R",final|
7,May  96:37 PM,Charleston,S Maryland,6-7,"Sherfy, J","Demurias, E",final|
7,May  97:04 PM,Staten Island,Lexington,1-11,"Eastman, C","Mejia, A",final|
7,May  97:04 PM,High Point,Gastonia,9-10,"Myatt, T","Lewis, J",final|
7,May  97:20 PM,Lancaster,Long Island,1-11,"Gant, J","Swarmer, M",final|
5,May 106:06 PM,York,Hagerstown,11-2,"Scott, W","Corcino, D",final|
8,May 106:35 PM,Lancaster,Long Island,0-1,"Plesac, Z","Killgore, K",final|
8,May 106:39 PM,Charleston,S Maryland,7-2,"Sampson, K","Hennessey, J",final|
8,May 107:00 PM,Staten Island,Lexington,2-3,"Haab, J","Meeker, J",final|
8,May 107:18 PM,High Point,Gastonia,4-2,"Backman, B","Kruglewicz, P",final|
9,May 111:34 PM,Lancaster,Long Island,2-3,"Melville, T","Gilliam, R",final|
9,May 112:03 PM,Staten Island,Lexington,1-7,"Castillo, W","Williamson, R",final|
6,May 112:06 PM,York,Hagerstown,5-4,"Llovera, M","Kelly, R",final|
9,May 112:09 PM,Charleston,S Maryland,2-3,"Vazquez, R","Gilman, N",final|
9,May 114:03 PM,High Point,Gastonia,5-4,"Edwards, J","Blanton, B",final|
10,May 136:33 PM,Gastonia,Long Island,3-7,"Griffin, D","Wells, N",final|
7,May 136:38 PM,Staten Island,Charleston,3-7,"Meza, C","Capuano, C",final|
10,May 136:47 PM,High Point,Lexington,6-7,"Laio, N","Uelmen, E",final|
11,May 1410:31 AM,High Point,Lexington,5-2,"Barraclough, K","Wicklander, P",final|
10,May 1410:40 AM,York,S Maryland,0-3,"Semple, S","Walker, M",final|
,May 1411:05 AM,Lancaster,Hagerstown,7-2,"Skirrow, N","Richardson, D",final|
11,May 141:06 PM,York,S Maryland,2-3,"Kahaloa, I","Churchill, I",final|
8,May 142:20 PM,Lancaster,Hagerstown,2-3,"Maruskin, J","Rees, J",final|
11,May 146:34 PM,Gastonia,Long Island,2-4,"Case, B","Scott, A",final|
8,May 146:41 PM,Staten Island,Charleston,5-7,"Hill, J","Mahoney, J",final|
12,May 156:36 PM,Gastonia,Long Island,5-2,"Underwood Jr., D","Flores, B",final|
12,May 156:37 PM,York,S Maryland,3-4,"McCabe, B","Robinson, C",final|
9,May 156:39 PM,Lancaster,Hagerstown,9-8,"Engler, S","Weisenburger, J",final|
9,May 156:40 PM,Staten Island,Charleston,9-2,"Meeker, J","Del Prado, N",final|
12,May 156:50 PM,High Point,Lexington,18-8,"Emanuel, K","Eastman, C",final|
7,May 166:38 PM,Lexington,High Point,11-3,"Tully, T","Frisbee, M",final|
10,May 166:39 PM,S Maryland,Charleston,0-3,"Henriquez, J","Hennessey, J",final|
7,May 167:06 PM,Gastonia,Staten Island,9-2,"Sheffield, J","Mejia, A",final|
7,May 167:08 PM,Long Island,Lancaster,4-6,"McAvene, M","Washington, M",final|
10,May 167:18 PM,Hagerstown,York,2-12,"Palm, T","Martinez, J",final|
8,May 171:03 PM,Gastonia,Staten Island,3-4,"Allegretti, C","Myatt, T",final|
11,May 176:36 PM,Hagerstown,York,5-7,"Galdoni, L","Corcino, D",final|
8,May 176:37 PM,Lexington,High Point,0-17,"Solter, M","Castillo, W",final|
11,May 176:39 PM,S Maryland,Charleston,3-9,"Sampson, K","Kelly, J",final|
8,May 176:52 PM,Long Island,Lancaster,2-5,"Brennan, T","Hillman, J",final|
12,May 181:04 PM,Hagerstown,York,5-17,"Coles, C","Rivera, E",final|
9,May 181:37 PM,Gastonia,Staten Island,7-8,"Andrews, T","Horvath, N",final|
9,May 182:01 PM,Long Island,Lancaster,10-4,"Griffin, D","Bremer, N",final|
12,May 183:08 PM,S Maryland,Charleston,5-8,"Lusk, L","Vazquez, R",final|
9,May 184:08 PM,Lexington,High Point,3-9,"Uelmen, E","Laio, N",final|
10,May 206:32 PM,Lexington,Gastonia,4-6,"Thompson, C","Wicklander, P",final|
13,May 206:34 PM,S Maryland,York,6-7,"Robinson, C","Sherfy, J",final|
10,May 206:37 PM,Long Island,Staten Island,8-6,"Asa, J","Meeker, J",final|
10,May 206:50 PM,Hagerstown,Lancaster,5-14,"Skirrow, N","Richardson, D",final|
13,May 207:32 PM,High Point,Charleston,8-2,"Barraclough, K","Endersby, J",final|
11,May 2110:35 AM,Long Island,Staten Island,7-10,"McSweeney, M","Sharp, S",final|
11,May 2112:32 PM,Lexington,Gastonia,7-6,"Ross, D","Snyder, N",final|
12,May 213:35 PM,Lexington,Gastonia,7-8,"Scott, A","Haab, J",final|
14,May 216:39 PM,S Maryland,York,5-4,"Kahaloa, I","Galdoni, L",final|
14,May 216:40 PM,High Point,Charleston,12-4,"Emanuel, K","Hill, J",final|
11,May 216:49 PM,Hagerstown,Lancaster,6-3,"Picone, D","Swarmer, M",final|
12,May 2211:07 AM,Hagerstown,Lancaster,5-7,"Rees, J","Kickham, M",final|
,May 226:19 PM,Long Island,Staten Island,,,,Cancelled
15,May 226:43 PM,High Point,Charleston,2-7,"McGowin, K","Backman, B",final|
12,May 227:21 PM,Long Island,Staten Island,7-1,"Plesac, Z","Mejia, A",final|
10,May 236:33 PM,S Maryland,Hagerstown,11-1,"Thurman, A","Martinez, J",final|
13,May 236:38 PM,Staten Island,Long Island,9-1,"Allegretti, C","Hillman, J",final|
13,May 236:47 PM,York,Lancaster,0-3,"Killgore, K","Scott, W",final|
13,May 237:03 PM,High Point,Gastonia,9-3,"Solter, M","Grey, C",final|
13,May 237:04 PM,Charleston,Lexington,3-1,"Henriquez, J","Tully, T",final|
11,May 246:06 PM,S Maryland,Hagerstown,9-7,"Hennessey, J","Corcino, D",final|
14,May 246:33 PM,Staten Island,Long Island,4-3,"Baker, R","Williams, P",final|
14,May 246:49 PM,York,Lancaster,1-8,"Bremer, N","Denz, D",final|
14,May 247:01 PM,High Point,Gastonia,6-2,"Uelmen, E","Smith, K",final|
14,May 247:03 PM,Charleston,Lexington,4-5,"Haab, J","Reyes, S",final|
15,May 251:33 PM,Staten Island,Long Island,2-3,"Melville, T","Higgins, C",final|
15,May 252:03 PM,York,Lancaster,4-2,"Palm, T","Scafidi, C",final|
12,May 252:04 PM,S Maryland,Hagerstown,2-7,"Richardson, D","Semple, S",final|
15,May 252:08 PM,Charleston,Lexington,4-2,"Lebron, D","Laio, N",final|
15,May 254:02 PM,High Point,Gastonia,13-12,"Lewis, J","Hennen, R",final|
16,May 276:31 PM,S Maryland,Gastonia,8-6,"Kahaloa, I","Underwood Jr., D",final|
13,May 276:33 PM,Lancaster,Staten Island,3-9,"McSweeney, M","Lacey, S",final|
16,May 276:42 PM,High Point,Charleston,5-0,"Emanuel, K","Hill, J",final|
16,May 276:45 PM,Long Island,Lexington,16-7,"Sandberg, R","Wicklander, P",final|
13,May 276:49 PM,York,Hagerstown,4-3,"Woolfolk, D","Picone, D",final|
17,May 2810:40 AM,High Point,Charleston,1-7,"Reyes, S","Scolaro, J",final|
14,May 2811:00 AM,York,Hagerstown,,,,"Postponed to:May 29, 04:00 PM"
17,May 2812:32 PM,S Maryland,Gastonia,12-8,"Willamson, N","Blanton, B",final|
14,May 286:30 PM,Lancaster,Staten Island,,,,"Postponed to:May 29, 12:30 PM"
17,May 286:48 PM,Long Island,Lexington,6-1,"Plesac, Z","Eastman, C",final|
15,May 2910:31 AM,Lancaster,Staten Island,3-2,"Engler, S","Dunaway, M",final|
,May 291:20 PM,Lancaster,Staten Island,2-1,"Johnson, K","Williamson, R",final|
,May 294:03 PM,York,Hagerstown,4-2,"Dula, H","Kelly, R",final|
18,May 296:40 PM,High Point,Charleston,6-2,"Solter, M","Henriquez, J",final|
18,May 296:45 PM,Long Island,Lexington,6-9,"Tully, T","Alintoff, J",final|
15,May 296:58 PM,York,Hagerstown,4-0,"Scott, W","Reitz, M",final|
18,May 297:01 PM,S Maryland,Gastonia,3-8,"Stem, C","Kelly, J",final|
13,May 306:35 PM,Gastonia,S Maryland,,,,"Postponed to:May 31, 06:00 PM"
16,May 306:41 PM,Long Island,York,13-4,"Case, B","Churchill, I",final|
16,May 307:03 PM,Lancaster,Staten Island,13-8,"Johnson, K","Barringer, S",final|
10,May 307:03 PM,Hagerstown,High Point,3-6,"Halbohn, K","Goodson, D",final|
19,May 308:26 PM,Lexington,Charleston,6-7,"Del Prado, N","Lynch, J",final|
,May 316:06 PM,Gastonia,S Maryland,3-4,"McCabe, B","Horvath, N",final|
17,May 316:34 PM,Lancaster,Staten Island,8-1,"Skirrow, N","Mahoney, J",final|
11,May 316:37 PM,Hagerstown,High Point,1-8,"Barraclough, K","Richardson, D",final|
20,May 316:39 PM,Lexington,Charleston,4-11,"Lebron, D","Castillo, W",final|
17,May 316:41 PM,Long Island,York,1-6,"Palm, T","Senger, M",final|
14,May 319:26 PM,Gastonia,S Maryland,7-3,"Sheffield, J","Campbell, M",final|
18,Jun  11:04 PM,Long Island,York,3-11,"Pace, F","Sandberg, R",final|
18,Jun  11:34 PM,Lancaster,Staten Island,3-4,"Dunaway, M","Alexy, A",final|
15,Jun  12:04 PM,Gastonia,S Maryland,12-5,"Underwood Jr., D","Miller, J",final|
21,Jun  13:08 PM,Lexington,Charleston,2-3,"Record, J","Haab, J",final|
12,Jun  14:31 PM,Hagerstown,High Point,0-6,"Emanuel, K","Picone, D",final|
15,Jun  22:07 PM,S Maryland,York,3-5,"Llovera, M","Semple, S",final|
19,Jun  36:31 PM,Lexington,Gastonia,1-2,"Horvath, N","Laio, N",final|
19,Jun  36:32 PM,Staten Island,York,10-3,"McSweeney, M","Scott, W",final|
16,Jun  36:35 PM,S Maryland,Long Island,3-4,"Nelson, B","Thompson, C",final|
13,Jun  36:37 PM,Charleston,High Point,5-4,"Demurias, E","Branche, S",final|
16,Jun  36:49 PM,Hagerstown,Lancaster,12-4,"Kickham, M","Killgore, K",final|
20,Jun  412:33 PM,Lexington,Gastonia,11-2,"Wicklander, P","Myatt, T",final|
17,Jun  46:36 PM,S Maryland,Long Island,4-7,"Hillman, J","Campbell, M",final|
20,Jun  46:37 PM,Staten Island,York,7-13,"Dula, H","Williamson, R",final|
14,Jun  46:37 PM,Charleston,High Point,2-3,"Solter, M","Henriquez, J",final|
17,Jun  46:48 PM,Hagerstown,Lancaster,13-0,"Reitz, M","Green, M",final|
21,Jun  55:02 PM,Staten Island,York,12-5,"Allegretti, C","Palm, T",final|
21,Jun  56:31 PM,Lexington,Gastonia,6-5,"Eastman, C","Wells, N",final|
18,Jun  56:35 PM,S Maryland,Long Island,9-2,"Martin, G","Griffin, D",final|
15,Jun  56:37 PM,Charleston,High Point,2-1,"Record, J","Ogle, B",final|
18,Jun  56:48 PM,Hagerstown,Lancaster,2-17,"Bremer, N","Saturria, M",final|
16,Jun  66:33 PM,Long Island,Hagerstown,11-8,"Dipoto, J","Goodson, D",final|
16,Jun  66:38 PM,S Maryland,High Point,1-3,"Barraclough, K","Vazquez, R",final|
19,Jun  66:50 PM,Staten Island,Lancaster,7-18,"Skirrow, N","Kubo, T",final|
22,Jun  67:01 PM,Charleston,Gastonia,4-15,"Sheffield, J","Lebron, D",final|
19,Jun  67:05 PM,York,Lexington,4-2,"Pace, F","Lynch, J",final|
17,Jun  76:01 PM,Long Island,Hagerstown,3-0,"Asa, J","Picone, D",final|
17,Jun  76:40 PM,S Maryland,High Point,10-7,"Thompson, C","Doyle, T",final|
20,Jun  76:52 PM,Staten Island,Lancaster,8-11,"Rees, J","Barringer, S",final|
20,Jun  77:00 PM,York,Lexington,9-8,"Dula, H","Acosta, J",final|
23,Jun  77:03 PM,Charleston,Gastonia,6-7,"Underwood Jr., D","Hill, J",final|
18,Jun  82:00 PM,Long Island,Hagerstown,,,,Hagerstown
21,Jun  82:00 PM,York,Lexington,,,,Lexington
21,Jun  82:00 PM,Staten Island,Lancaster,,,,Penn Medicine
24,Jun  84:00 PM,Charleston,Gastonia,,,,Gastonia
18,Jun  84:05 PM,S Maryland,High Point,,,,High Point
19,Jun 106:30 PM,York,Hagerstown,,,,Hagerstown
16,Jun 106:35 PM,Gastonia,S Maryland,,,,Regency Furn.
22,Jun 106:35 PM,Long Island,Charleston,,,,Charleston
22,Jun 106:45 PM,Lancaster,Lexington,,,,Lexington
23,Jun 1112:05 PM,Long Island,Charleston,,,,Charleston
19,Jun 114:00 PM,High Point,Staten Island,,,,Staten Island
20,Jun 116:30 PM,York,Hagerstown,,,,Hagerstown
17,Jun 116:35 PM,Gastonia,S Maryland,,,,Regency Furn.
23,Jun 116:45 PM,Lancaster,Lexington,,,,Lexington
20,Jun 117:00 PM,High Point,Staten Island,,,,Staten Island
21,Jun 126:30 PM,High Point,Staten Island,,,,Staten Island
21,Jun 126:30 PM,York,Hagerstown,,,,Hagerstown
18,Jun 126:35 PM,Gastonia,S Maryland,,,,Regency Furn.
24,Jun 126:35 PM,Long Island,Charleston,,,,Charleston
24,Jun 126:45 PM,Lancaster,Lexington,,,,Lexington
22,Jun 136:30 PM,Gastonia,York,,,,York
25,Jun 136:35 PM,Lancaster,Charleston,,,,Charleston
19,Jun 136:35 PM,Lexington,S Maryland,,,,Regency Furn.
19,Jun 136:35 PM,High Point,Long Island,,,,Long Island
22,Jun 137:00 PM,Hagerstown,Staten Island,,,,Staten Island
23,Jun 146:30 PM,Hagerstown,Staten Island,,,,Staten Island
23,Jun 146:30 PM,Gastonia,York,,,,York
20,Jun 146:35 PM,High Point,Long Island,,,,Long Island
26,Jun 146:35 PM,Lancaster,Charleston,,,,Charleston
20,Jun 146:35 PM,Lexington,S Maryland,,,,Regency Furn.
24,Jun 151:00 PM,Gastonia,York,,,,York
24,Jun 151:30 PM,Hagerstown,Staten Island,,,,Staten Island
21,Jun 151:35 PM,High Point,Long Island,,,,Long Island
21,Jun 152:05 PM,Lexington,S Maryland,,,,Regency Furn.
27,Jun 153:04 PM,Lancaster,Charleston,,,,Charleston
25,Jun 176:30 PM,Lexington,Gastonia,,,,Gastonia
25,Jun 176:30 PM,Hagerstown,York,,,,York
22,Jun 176:35 PM,Lancaster,Long Island,,,,Long Island
22,Jun 176:35 PM,Charleston,S Maryland,,,,Regency Furn.
26,Jun 1812:30 PM,Lexington,Gastonia,,,,Gastonia
19,Jun 186:05 PM,Staten Island,High Point,,,,High Point
26,Jun 186:30 PM,Hagerstown,York,,,,York
23,Jun 186:35 PM,Charleston,S Maryland,,,,Regency Furn.
23,Jun 186:35 PM,Lancaster,Long Island,,,,Long Island
20,Jun 189:05 PM,Staten Island,High Point,,,,High Point
27,Jun 196:30 PM,Lexington,Gastonia,,,,Gastonia
27,Jun 196:30 PM,Hagerstown,York,,,,York
24,Jun 196:35 PM,Lancaster,Long Island,,,,Long Island
21,Jun 196:35 PM,Staten Island,High Point,,,,High Point
24,Jun 196:35 PM,Charleston,S Maryland,,,,Regency Furn.
22,Jun 206:30 PM,Charleston,Hagerstown,,,,Hagerstown
22,Jun 206:45 PM,Long Island,Lancaster,,,,Penn Medicine
25,Jun 207:00 PM,High Point,Lexington,,,,Lexington
28,Jun 207:00 PM,S Maryland,Gastonia,,,,Gastonia
25,Jun 207:00 PM,York,Staten Island,,,,Staten Island
23,Jun 216:00 PM,Charleston,Hagerstown,,,,Hagerstown
26,Jun 216:30 PM,York,Staten Island,,,,Staten Island
23,Jun 216:45 PM,Long Island,Lancaster,,,,Penn Medicine
26,Jun 217:00 PM,High Point,Lexington,,,,Lexington
29,Jun 217:00 PM,S Maryland,Gastonia,,,,Gastonia
27,Jun 221:30 PM,York,Staten Island,,,,Staten Island
27,Jun 222:00 PM,High Point,Lexington,,,,Lexington
24,Jun 222:00 PM,Long Island,Lancaster,,,,Penn Medicine
24,Jun 222:00 PM,Charleston,Hagerstown,,,,Hagerstown
30,Jun 224:00 PM,S Maryland,Gastonia,,,,Gastonia
25,Jun 246:30 PM,S Maryland,Hagerstown,,,,Hagerstown
31,Jun 246:30 PM,High Point,Gastonia,,,,Gastonia
25,Jun 246:35 PM,Staten Island,Long Island,,,,Long Island
25,Jun 246:45 PM,York,Lancaster,,,,Penn Medicine
28,Jun 246:45 PM,Charleston,Lexington,,,,Lexington
29,Jun 2511:00 AM,Charleston,Lexington,,,,Lexington
32,Jun 2512:30 PM,High Point,Gastonia,,,,Gastonia
26,Jun 256:30 PM,S Maryland,Hagerstown,,,,Hagerstown
26,Jun 256:35 PM,Staten Island,Long Island,,,,Long Island
26,Jun 256:45 PM,York,Lancaster,,,,Penn Medicine
27,Jun 266:30 PM,S Maryland,Hagerstown,,,,Hagerstown
33,Jun 266:30 PM,High Point,Gastonia,,,,Gastonia
27,Jun 266:35 PM,Staten Island,Long Island,,,,Long Island
27,Jun 266:45 PM,York,Lancaster,,,,Penn Medicine
30,Jun 266:45 PM,Charleston,Lexington,,,,Lexington
28,Jun 276:30 PM,Staten Island,York,,,,York
22,Jun 276:35 PM,Lancaster,High Point,,,,High Point
28,Jun 276:35 PM,Hagerstown,Long Island,,,,Long Island
28,Jun 276:35 PM,Gastonia,Charleston,,,,Charleston
25,Jun 276:35 PM,Lexington,S Maryland,,,,Regency Furn.
29,Jun 286:30 PM,Staten Island,York,,,,York
29,Jun 286:35 PM,Gastonia,Charleston,,,,Charleston
23,Jun 286:35 PM,Lancaster,High Point,,,,High Point
29,Jun 286:35 PM,Hagerstown,Long Island,,,,Long Island
26,Jun 286:35 PM,Lexington,S Maryland,,,,Regency Furn.
30,Jun 291:00 PM,Staten Island,York,,,,York
30,Jun 291:35 PM,Hagerstown,Long Island,,,,Long Island
27,Jun 292:05 PM,Lexington,S Maryland,,,,Regency Furn.
30,Jun 293:04 PM,Gastonia,Charleston,,,,Charleston
24,Jun 294:05 PM,Lancaster,High Point,,,,High Point
31,Jul  16:30 PM,Lancaster,York,,,,York
25,Jul  16:35 PM,Gastonia,High Point,,,,High Point
28,Jul  16:35 PM,Hagerstown,S Maryland,,,,Regency Furn.
31,Jul  16:35 PM,Lexington,Charleston,,,,Charleston
31,Jul  16:35 PM,Staten Island,Long Island,,,,Long Island
32,Jul  26:35 PM,Lexington,Charleston,,,,Charleston
32,Jul  26:35 PM,Staten Island,Long Island,,,,Long Island
26,Jul  26:35 PM,Gastonia,High Point,,,,High Point
29,Jul  26:35 PM,Hagerstown,S Maryland,,,,Regency Furn.
32,Jul  36:30 PM,Lancaster,York,,,,York
30,Jul  36:35 PM,Hagerstown,S Maryland,,,,Regency Furn.
33,Jul  36:35 PM,Lexington,Charleston,,,,Charleston
27,Jul  36:35 PM,Gastonia,High Point,,,,High Point
33,Jul  36:35 PM,Staten Island,Long Island,,,,Long Island
34,Jul  44:00 PM,High Point,Gastonia,,,,Gastonia
28,Jul  46:30 PM,Long Island,Hagerstown,,,,Hagerstown
33,Jul  46:30 PM,Lancaster,York,,,,York
28,Jul  46:45 PM,Charleston,Lancaster,,,,Penn Medicine
28,Jul  47:00 PM,York,Staten Island,,,,Staten Island
31,Jul  47:00 PM,S Maryland,Lexington,,,,Lexington
29,Jul  52:00 PM,York,Staten Island,,,,Staten Island
29,Jul  56:00 PM,Long Island,Hagerstown,,,,Hagerstown
29,Jul  56:45 PM,Charleston,Lancaster,,,,Penn Medicine
32,Jul  57:00 PM,S Maryland,Lexington,,,,Lexington
35,Jul  57:00 PM,High Point,Gastonia,,,,Gastonia
30,Jul  61:30 PM,York,Staten Island,,,,Staten Island
30,Jul  62:00 PM,Charleston,Lancaster,,,,Penn Medicine
33,Jul  62:00 PM,S Maryland,Lexington,,,,Lexington
36,Jul  64:00 PM,High Point,Gastonia,,,,Gastonia
30,Jul  65:00 PM,Long Island,Hagerstown,,,,Hagerstown
31,Jul  86:30 PM,Long Island,Staten Island,,,,Staten Island
37,Jul  86:30 PM,Charleston,Gastonia,,,,Gastonia
31,Jul  86:30 PM,Lexington,Hagerstown,,,,Hagerstown
28,Jul  86:35 PM,York,High Point,,,,High Point
31,Jul  86:45 PM,S Maryland,Lancaster,,,,Penn Medicine
29,Jul  912:05 PM,York,High Point,,,,High Point
38,Jul  912:30 PM,Charleston,Gastonia,,,,Gastonia
32,Jul  96:30 PM,Long Island,Staten Island,,,,Staten Island
32,Jul  96:30 PM,Lexington,Hagerstown,,,,Hagerstown
32,Jul  96:45 PM,S Maryland,Lancaster,,,,Penn Medicine
33,Jul 106:30 PM,Lexington,Hagerstown,,,,Hagerstown
39,Jul 106:30 PM,Charleston,Gastonia,,,,Gastonia
33,Jul 106:30 PM,Long Island,Staten Island,,,,Staten Island
30,Jul 106:35 PM,York,High Point,,,,High Point
33,Jul 106:45 PM,S Maryland,Lancaster,,,,Penn Medicine
34,Jul 116:30 PM,Staten Island,York,,,,York
31,Jul 116:35 PM,Gastonia,High Point,,,,High Point
34,Jul 116:35 PM,Lancaster,Long Island,,,,Long Island
34,Jul 116:35 PM,Hagerstown,Charleston,,,,Charleston
31,Jul 116:35 PM,Lexington,S Maryland,,,,Regency Furn.
35,Jul 126:30 PM,Staten Island,York,,,,York
32,Jul 126:35 PM,Gastonia,High Point,,,,High Point
35,Jul 126:35 PM,Lancaster,Long Island,,,,Long Island
35,Jul 126:35 PM,Hagerstown,Charleston,,,,Charleston
32,Jul 126:35 PM,Lexington,S Maryland,,,,Regency Furn.
36,Jul 131:00 PM,Staten Island,York,,,,York
33,Jul 132:05 PM,Lexington,S Maryland,,,,Regency Furn.
36,Jul 133:04 PM,Hagerstown,Charleston,,,,Charleston
33,Jul 134:05 PM,Gastonia,High Point,,,,High Point
36,Jul 135:05 PM,Lancaster,Long Island,,,,Long Island
34,Jul 156:30 PM,Long Island,Staten Island,,,,Staten Island
37,Jul 156:30 PM,High Point,York,,,,York
34,Jul 156:30 PM,Lancaster,Hagerstown,,,,Hagerstown
37,Jul 156:35 PM,S Maryland,Charleston,,,,Charleston
34,Jul 156:45 PM,Gastonia,Lexington,,,,Lexington
35,Jul 1611:00 AM,Gastonia,Lexington,,,,Lexington
38,Jul 1612:05 PM,S Maryland,Charleston,,,,Charleston
38,Jul 166:30 PM,High Point,York,,,,York
35,Jul 166:30 PM,Lancaster,Hagerstown,,,,Hagerstown
35,Jul 166:30 PM,Long Island,Staten Island,,,,Staten Island
36,Jul 1710:30 AM,Long Island,Staten Island,,,,Staten Island
39,Jul 1711:00 AM,High Point,York,,,,York
36,Jul 176:30 PM,Lancaster,Hagerstown,,,,Hagerstown
39,Jul 176:35 PM,S Maryland,Charleston,,,,Charleston
36,Jul 176:45 PM,Gastonia,Lexington,,,,Lexington
37,Jul 186:30 PM,York,Hagerstown,,,,Hagerstown
37,Jul 186:35 PM,Charleston,Long Island,,,,Long Island
34,Jul 186:45 PM,High Point,Lancaster,,,,Penn Medicine
37,Jul 187:00 PM,S Maryland,Lexington,,,,Lexington
40,Jul 187:00 PM,Staten Island,Gastonia,,,,Gastonia
38,Jul 196:00 PM,York,Hagerstown,,,,Hagerstown
38,Jul 196:35 PM,Charleston,Long Island,,,,Long Island
35,Jul 196:45 PM,High Point,Lancaster,,,,Penn Medicine
38,Jul 197:00 PM,S Maryland,Lexington,,,,Lexington
41,Jul 197:00 PM,Staten Island,Gastonia,,,,Gastonia
42,Jul 202:00 PM,Staten Island,Gastonia,,,,Gastonia
39,Jul 202:00 PM,S Maryland,Lexington,,,,Lexington
36,Jul 202:00 PM,High Point,Lancaster,,,,Penn Medicine
39,Jul 205:00 PM,York,Hagerstown,,,,Hagerstown
39,Jul 205:05 PM,Charleston,Long Island,,,,Long Island
37,Jul 226:30 PM,York,Staten Island,,,,Staten Island
43,Jul 226:30 PM,Lexington,Gastonia,,,,Gastonia
34,Jul 226:35 PM,Charleston,High Point,,,,High Point
34,Jul 226:35 PM,Long Island,S Maryland,,,,Regency Furn.
37,Jul 226:45 PM,Hagerstown,Lancaster,,,,Penn Medicine
38,Jul 2310:30 AM,York,Staten Island,,,,Staten Island
44,Jul 2312:30 PM,Lexington,Gastonia,,,,Gastonia
35,Jul 236:35 PM,Charleston,High Point,,,,High Point
35,Jul 236:35 PM,Long Island,S Maryland,,,,Regency Furn.
38,Jul 236:45 PM,Hagerstown,Lancaster,,,,Penn Medicine
36,Jul 2411:05 AM,Long Island,S Maryland,,,,Regency Furn.
39,Jul 246:30 PM,York,Staten Island,,,,Staten Island
45,Jul 246:30 PM,Lexington,Gastonia,,,,Gastonia
36,Jul 246:35 PM,Charleston,High Point,,,,High Point
39,Jul 246:45 PM,Hagerstown,Lancaster,,,,Penn Medicine
40,Jul 256:30 PM,Long Island,York,,,,York
40,Jul 256:35 PM,Lexington,Charleston,,,,Charleston
37,Jul 256:35 PM,Gastonia,High Point,,,,High Point
37,Jul 256:35 PM,Hagerstown,S Maryland,,,,Regency Furn.
40,Jul 257:00 PM,Lancaster,Staten Island,,,,Staten Island
41,Jul 266:30 PM,Lancaster,Staten Island,,,,Staten Island
41,Jul 266:30 PM,Long Island,York,,,,York
38,Jul 266:35 PM,Hagerstown,S Maryland,,,,Regency Furn.
41,Jul 266:35 PM,Lexington,Charleston,,,,Charleston
38,Jul 266:35 PM,Gastonia,High Point,,,,High Point
42,Jul 271:00 PM,Long Island,York,,,,York
42,Jul 271:30 PM,Lancaster,Staten Island,,,,Staten Island
39,Jul 272:05 PM,Hagerstown,S Maryland,,,,Regency Furn.
42,Jul 273:04 PM,Lexington,Charleston,,,,Charleston
39,Jul 274:05 PM,Gastonia,High Point,,,,High Point
43,Jul 296:30 PM,Lancaster,York,,,,York
40,Jul 296:30 PM,Gastonia,Hagerstown,,,,Hagerstown
43,Jul 296:35 PM,S Maryland,Charleston,,,,Charleston
40,Jul 296:35 PM,Staten Island,Long Island,,,,Long Island
40,Jul 296:45 PM,High Point,Lexington,,,,Lexington
41,Jul 3011:00 AM,Gastonia,Hagerstown,,,,Hagerstown
41,Jul 3011:05 AM,Staten Island,Long Island,,,,Long Island
44,Jul 306:30 PM,Lancaster,York,,,,York
44,Jul 306:35 PM,S Maryland,Charleston,,,,Charleston
41,Jul 306:45 PM,High Point,Lexington,,,,Lexington
45,Jul 316:30 PM,Lancaster,York,,,,York
42,Jul 316:30 PM,Gastonia,Hagerstown,,,,Hagerstown
45,Jul 316:35 PM,S Maryland,Charleston,,,,Charleston
42,Jul 316:35 PM,Staten Island,Long Island,,,,Long Island
42,Jul 316:45 PM,High Point,Lexington,,,,Lexington
40,Aug  16:35 PM,Gastonia,S Maryland,,,,Regency Furn.
46,Aug  16:35 PM,York,Charleston,,,,Charleston
43,Aug  16:35 PM,Hagerstown,Long Island,,,,Long Island
40,Aug  16:45 PM,Staten Island,Lancaster,,,,Penn Medicine
43,Aug  17:00 PM,High Point,Lexington,,,,Lexington
47,Aug  26:35 PM,York,Charleston,,,,Charleston
41,Aug  26:35 PM,Gastonia,S Maryland,,,,Regency Furn.
44,Aug  26:35 PM,Hagerstown,Long Island,,,,Long Island
41,Aug  26:45 PM,Staten Island,Lancaster,,,,Penn Medicine
44,Aug  27:00 PM,High Point,Lexington,,,,Lexington
42,Aug  32:00 PM,Staten Island,Lancaster,,,,Penn Medicine
45,Aug  32:00 PM,High Point,Lexington,,,,Lexington
42,Aug  32:05 PM,Gastonia,S Maryland,,,,Regency Furn.
48,Aug  33:04 PM,York,Charleston,,,,Charleston
45,Aug  35:05 PM,Hagerstown,Long Island,,,,Long Island
46,Aug  56:30 PM,Charleston,Gastonia,,,,Gastonia
46,Aug  56:30 PM,Long Island,York,,,,York
43,Aug  56:30 PM,Lexington,Staten Island,,,,Staten Island
40,Aug  56:35 PM,S Maryland,High Point,,,,High Point
43,Aug  56:45 PM,Hagerstown,Lancaster,,,,Penn Medicine
47,Aug  612:30 PM,Charleston,Gastonia,,,,Gastonia
44,Aug  66:30 PM,Lexington,Staten Island,,,,Staten Island
47,Aug  66:30 PM,Long Island,York,,,,York
41,Aug  66:35 PM,S Maryland,High Point,,,,High Point
44,Aug  66:45 PM,Hagerstown,Lancaster,,,,Penn Medicine
48,Aug  76:30 PM,Charleston,Gastonia,,,,Gastonia
48,Aug  76:30 PM,Long Island,York,,,,York
45,Aug  76:30 PM,Lexington,Staten Island,,,,Staten Island
42,Aug  76:35 PM,S Maryland,High Point,,,,High Point
45,Aug  76:45 PM,Hagerstown,Lancaster,,,,Penn Medicine
46,Aug  810:30 AM,Lancaster,Staten Island,,,,Staten Island
49,Aug  86:30 PM,Lexington,York,,,,York
43,Aug  86:30 PM,Long Island,Hagerstown,,,,Hagerstown
43,Aug  86:35 PM,S Maryland,High Point,,,,High Point
49,Aug  87:00 PM,Charleston,Gastonia,,,,Gastonia
44,Aug  96:00 PM,Long Island,Hagerstown,,,,Hagerstown
47,Aug  96:30 PM,Lancaster,Staten Island,,,,Staten Island
50,Aug  96:30 PM,Lexington,York,,,,York
44,Aug  96:35 PM,S Maryland,High Point,,,,High Point
50,Aug  97:00 PM,Charleston,Gastonia,,,,Gastonia
51,Aug 101:00 PM,Lexington,York,,,,York
48,Aug 101:30 PM,Lancaster,Staten Island,,,,Staten Island
51,Aug 104:00 PM,Charleston,Gastonia,,,,Gastonia
45,Aug 104:05 PM,S Maryland,High Point,,,,High Point
45,Aug 105:00 PM,Long Island,Hagerstown,,,,Hagerstown
46,Aug 126:30 PM,Staten Island,Hagerstown,,,,Hagerstown
49,Aug 126:35 PM,High Point,Charleston,,,,Charleston
43,Aug 126:35 PM,Lancaster,S Maryland,,,,Regency Furn.
46,Aug 126:35 PM,York,Long Island,,,,Long Island
46,Aug 126:45 PM,Gastonia,Lexington,,,,Lexington
50,Aug 1312:05 PM,High Point,Charleston,,,,Charleston
47,Aug 136:30 PM,Staten Island,Hagerstown,,,,Hagerstown
44,Aug 136:35 PM,Lancaster,S Maryland,,,,Regency Furn.
47,Aug 136:35 PM,York,Long Island,,,,Long Island
47,Aug 136:45 PM,Gastonia,Lexington,,,,Lexington
48,Aug 146:30 PM,Staten Island,Hagerstown,,,,Hagerstown
51,Aug 146:35 PM,High Point,Charleston,,,,Charleston
45,Aug 146:35 PM,Lancaster,S Maryland,,,,Regency Furn.
48,Aug 146:35 PM,York,Long Island,,,,Long Island
48,Aug 146:45 PM,Gastonia,Lexington,,,,Lexington
52,Aug 156:35 PM,High Point,Charleston,,,,Charleston
46,Aug 156:35 PM,York,S Maryland,,,,Regency Furn.
49,Aug 156:35 PM,Hagerstown,Long Island,,,,Long Island
46,Aug 156:45 PM,Staten Island,Lancaster,,,,Penn Medicine
49,Aug 157:00 PM,Gastonia,Lexington,,,,Lexington
53,Aug 166:35 PM,High Point,Charleston,,,,Charleston
47,Aug 166:35 PM,York,S Maryland,,,,Regency Furn.
50,Aug 166:35 PM,Hagerstown,Long Island,,,,Long Island
47,Aug 166:45 PM,Staten Island,Lancaster,,,,Penn Medicine
50,Aug 167:00 PM,Gastonia,Lexington,,,,Lexington
51,Aug 172:00 PM,Gastonia,Lexington,,,,Lexington
48,Aug 172:00 PM,Staten Island,Lancaster,,,,Penn Medicine
48,Aug 172:05 PM,York,S Maryland,,,,Regency Furn.
54,Aug 173:04 PM,High Point,Charleston,,,,Charleston
51,Aug 175:05 PM,Hagerstown,Long Island,,,,Long Island
49,Aug 196:30 PM,Charleston,Staten Island,,,,Staten Island
52,Aug 196:30 PM,Hagerstown,York,,,,York
46,Aug 196:35 PM,Lexington,High Point,,,,High Point
49,Aug 196:35 PM,Gastonia,S Maryland,,,,Regency Furn.
49,Aug 196:45 PM,Long Island,Lancaster,,,,Penn Medicine
50,Aug 206:30 PM,Charleston,Staten Island,,,,Staten Island
53,Aug 206:30 PM,Hagerstown,York,,,,York
47,Aug 206:35 PM,Lexington,High Point,,,,High Point
50,Aug 206:35 PM,Gastonia,S Maryland,,,,Regency Furn.
50,Aug 206:45 PM,Long Island,Lancaster,,,,Penn Medicine
51,Aug 216:30 PM,Charleston,Staten Island,,,,Staten Island
54,Aug 216:30 PM,Hagerstown,York,,,,York
48,Aug 216:35 PM,Lexington,High Point,,,,High Point
51,Aug 216:35 PM,Gastonia,S Maryland,,,,Regency Furn.
51,Aug 216:45 PM,Long Island,Lancaster,,,,Penn Medicine
49,Aug 226:30 PM,Long Island,Hagerstown,,,,Hagerstown
55,Aug 226:30 PM,Charleston,York,,,,York
49,Aug 226:35 PM,Lexington,High Point,,,,High Point
52,Aug 227:00 PM,Lancaster,Gastonia,,,,Gastonia
52,Aug 227:00 PM,S Maryland,Staten Island,,,,Staten Island
50,Aug 236:00 PM,Long Island,Hagerstown,,,,Hagerstown
56,Aug 236:30 PM,Charleston,York,,,,York
53,Aug 236:30 PM,S Maryland,Staten Island,,,,Staten Island
50,Aug 236:35 PM,Lexington,High Point,,,,High Point
53,Aug 237:00 PM,Lancaster,Gastonia,,,,Gastonia
57,Aug 241:00 PM,Charleston,York,,,,York
54,Aug 241:30 PM,S Maryland,Staten Island,,,,Staten Island
51,Aug 242:00 PM,Long Island,Hagerstown,,,,Hagerstown
54,Aug 244:00 PM,Lancaster,Gastonia,,,,Gastonia
51,Aug 244:05 PM,Lexington,High Point,,,,High Point
52,Aug 266:30 PM,Lancaster,Hagerstown,,,,Hagerstown
52,Aug 266:35 PM,Charleston,High Point,,,,High Point
52,Aug 266:35 PM,Staten Island,S Maryland,,,,Regency Furn.
52,Aug 266:35 PM,York,Long Island,,,,Long Island
52,Aug 266:45 PM,Gastonia,Lexington,,,,Lexington
53,Aug 276:30 PM,Lancaster,Hagerstown,,,,Hagerstown
53,Aug 276:35 PM,Charleston,High Point,,,,High Point
53,Aug 276:35 PM,Staten Island,S Maryland,,,,Regency Furn.
53,Aug 276:35 PM,York,Long Island,,,,Long Island
53,Aug 276:45 PM,Gastonia,Lexington,,,,Lexington
54,Aug 286:30 PM,Lancaster,Hagerstown,,,,Hagerstown
54,Aug 286:35 PM,Charleston,High Point,,,,High Point
54,Aug 286:35 PM,Staten Island,S Maryland,,,,Regency Furn.
54,Aug 286:35 PM,York,Long Island,,,,Long Island
54,Aug 286:45 PM,Gastonia,Lexington,,,,Lexington
55,Aug 296:30 PM,High Point,Hagerstown,,,,Hagerstown
55,Aug 296:35 PM,Gastonia,Charleston,,,,Charleston
55,Aug 296:35 PM,Lexington,S Maryland,,,,Regency Furn.
55,Aug 296:35 PM,York,Long Island,,,,Long Island
52,Aug 296:45 PM,Staten Island,Lancaster,,,,Penn Medicine
56,Aug 306:00 PM,High Point,Hagerstown,,,,Hagerstown
56,Aug 306:35 PM,Gastonia,Charleston,,,,Charleston
56,Aug 306:35 PM,Lexington,S Maryland,,,,Regency Furn.
56,Aug 306:35 PM,York,Long Island,,,,Long Island
53,Aug 306:45 PM,Staten Island,Lancaster,,,,Penn Medicine
54,Aug 312:00 PM,Staten Island,Lancaster,,,,Penn Medicine
57,Aug 312:00 PM,High Point,Hagerstown,,,,Hagerstown
57,Aug 312:05 PM,Lexington,S Maryland,,,,Regency Furn.
57,Aug 313:04 PM,Gastonia,Charleston,,,,Charleston
57,Aug 315:05 PM,York,Long Island,,,,Long Island
55,Sep  26:30 PM,Long Island,Gastonia,,,,Gastonia
55,Sep  26:35 PM,S Maryland,High Point,,,,High Point
55,Sep  26:45 PM,York,Lancaster,,,,Penn Medicine
55,Sep  26:45 PM,Charleston,Lexington,,,,Lexington
56,Sep  312:30 PM,Long Island,Gastonia,,,,Gastonia
55,Sep  36:30 PM,Hagerstown,Staten Island,,,,Staten Island
56,Sep  36:35 PM,S Maryland,High Point,,,,High Point
56,Sep  36:45 PM,York,Lancaster,,,,Penn Medicine
56,Sep  36:45 PM,Charleston,Lexington,,,,Lexington
56,Sep  44:00 PM,Hagerstown,Staten Island,,,,Staten Island
57,Sep  46:30 PM,Long Island,Gastonia,,,,Gastonia
57,Sep  46:35 PM,S Maryland,High Point,,,,High Point
57,Sep  46:45 PM,York,Lancaster,,,,Penn Medicine
57,Sep  46:45 PM,Charleston,Lexington,,,,Lexington
57,Sep  47:00 PM,Hagerstown,Staten Island,,,,Staten Island
58,Sep  56:30 PM,Lancaster,York,,,,York
58,Sep  56:35 PM,Long Island,High Point,,,,High Point
58,Sep  57:00 PM,Hagerstown,Staten Island,,,,Staten Island
58,Sep  57:00 PM,S Maryland,Gastonia,,,,Gastonia
58,Sep  57:00 PM,Charleston,Lexington,,,,Lexington
59,Sep  66:30 PM,Lancaster,York,,,,York
59,Sep  66:30 PM,Hagerstown,Staten Island,,,,Staten Island
59,Sep  66:35 PM,Long Island,High Point,,,,High Point
59,Sep  67:00 PM,S Maryland,Gastonia,,,,Gastonia
59,Sep  67:00 PM,Charleston,Lexington,,,,Lexington
60,Sep  71:00 PM,Lancaster,York,,,,York
60,Sep  71:30 PM,Hagerstown,Staten Island,,,,Staten Island
60,Sep  72:00 PM,Charleston,Lexington,,,,Lexington
60,Sep  74:00 PM,S Maryland,Gastonia,,,,Gastonia
60,Sep  74:05 PM,Long Island,High Point,,,,High Point
58,Sep  96:30 PM,Lancaster,Hagerstown,,,,Hagerstown
61,Sep  96:30 PM,Staten Island,York,,,,York
58,Sep  96:35 PM,Lexington,Long Island,,,,Long Island
58,Sep  96:35 PM,High Point,S Maryland,,,,Regency Furn.
58,Sep  96:35 PM,Gastonia,Charleston,,,,Charleston
62,Sep 106:30 PM,Staten Island,York,,,,York
59,Sep 106:30 PM,Lancaster,Hagerstown,,,,Hagerstown
59,Sep 106:35 PM,Gastonia,Charleston,,,,Charleston
59,Sep 106:35 PM,High Point,S Maryland,,,,Regency Furn.
59,Sep 106:35 PM,Lexington,Long Island,,,,Long Island
63,Sep 116:30 PM,Staten Island,York,,,,York
60,Sep 116:30 PM,Lancaster,Hagerstown,,,,Hagerstown
60,Sep 116:35 PM,Lexington,Long Island,,,,Long Island
60,Sep 116:35 PM,Gastonia,Charleston,,,,Charleston
60,Sep 116:35 PM,High Point,S Maryland,,,,Regency Furn.
61,Sep 126:30 PM,Staten Island,Hagerstown,,,,Hagerstown
61,Sep 126:35 PM,High Point,S Maryland,,,,Regency Furn.
61,Sep 126:35 PM,Gastonia,Charleston,,,,Charleston
61,Sep 126:35 PM,York,Long Island,,,,Long Island
58,Sep 126:45 PM,Lexington,Lancaster,,,,Penn Medicine
62,Sep 136:00 PM,Staten Island,Hagerstown,,,,Hagerstown
62,Sep 136:35 PM,Gastonia,Charleston,,,,Charleston
62,Sep 136:35 PM,York,Long Island,,,,Long Island
62,Sep 136:35 PM,High Point,S Maryland,,,,Regency Furn.
59,Sep 136:45 PM,Lexington,Lancaster,,,,Penn Medicine
63,Sep 141:35 PM,York,Long Island,,,,Long Island
63,Sep 142:00 PM,Staten Island,Hagerstown,,,,Hagerstown
60,Sep 142:00 PM,Lexington,Lancaster,,,,Penn Medicine
63,Sep 142:05 PM,High Point,S Maryland,,,,Regency Furn.
63,Sep 143:04 PM,Gastonia,Charleston,,,,Charleston
61,Sep 166:30 PM,York,Staten Island,,,,Staten Island
61,Sep 166:30 PM,Hagerstown,Gastonia,,,,Gastonia
61,Sep 166:35 PM,Charleston,High Point,,,,High Point
61,Sep 166:45 PM,Long Island,Lancaster,,,,Penn Medicine
61,Sep 166:45 PM,S Maryland,Lexington,,,,Lexington
62,Sep 1711:00 AM,S Maryland,Lexington,,,,Lexington
62,Sep 1712:30 PM,Hagerstown,Gastonia,,,,Gastonia
62,Sep 176:30 PM,York,Staten Island,,,,Staten Island
62,Sep 176:35 PM,Charleston,High Point,,,,High Point
62,Sep 176:45 PM,Long Island,Lancaster,,,,Penn Medicine
63,Sep 1810:30 AM,York,Staten Island,,,,Staten Island
63,Sep 186:30 PM,Hagerstown,Gastonia,,,,Gastonia
63,Sep 186:35 PM,Charleston,High Point,,,,High Point
63,Sep 186:45 PM,S Maryland,Lexington,,,,Lexington
63,Sep 186:45 PM,Long Island,Lancaster,,,,Penn Medicine
