row_number,inning,half,pitcher,batter,ball_count,strike_count,pitch,result,outs,runner_1B,runner_2B,runner_3B,score,away_score,home_score,pitcher_pitch_count,gameid,game_date,pitcher_throw,batter_hit,batter_height,batter_position,Extension (ft),Pitch Time,Release Speed (mph),Spin Rate (rpm),Tilt,Induced Virtual Break (in),Horizontal Break (in),Vertical Approach Angle,Horizontal Approach Angle,Location Side (ft),Location Height (ft),Release Height (ft),Release Side (ft),Pitch Type,PitchType_Color,Handedness,Hit Type,Exit Velocity (mph),Launch Angle (°),Batter Name,Hit Time,Direction (°),Bearing (°),Distance (ft),Umpire
1,1,Top,John Kelly,Alsander Womack,0,0,Called Strike,,0,FALSE,FALSE,FALSE,0-0,0,0,1,624166,,R,R,,IF,5.22,4/30/2025 22:37,81.98,2579,8:00,-1.71,-5.74,-7.77,-2.66,-0.63,2.14,5.55,1.39,Slider,"hsla(49, 100%, 44%,1)",R,,,,,,,,,Miguel De La Cruz Segura
2,1,Top,John Kelly,Alsander Womack,0,1,Ball,,0,FALSE,FALSE,FALSE,0-0,0,0,2,624166,,R,R,,IF,5.22,4/30/2025 22:37,83.75,2461,8:45,0.84,-4.92,-6.93,-4.64,-2.59,2.39,5.41,1.38,Slider,"hsla(49, 100%, 44%,1)",R,,,,,,,,,Miguel De La Cruz Segura
3,1,Top,John Kelly,Alsander Womack,1,1,,single,0,FALSE,FALSE,FALSE,0-0,0,0,3,624166,,R,R,,IF,10.39,4/30/2025 22:37,165.28,4985,10:15,3.12,-9.28,-12.93,-4.36,-0.63,5.84,5.46,1.35,Slider,"hsla(49, 100%, 44%,1)",R,,,,,,,,,Miguel De La Cruz Segura
4,1,Top,John Kelly,Joseph Rosa,0,0,Ball,,0,TRUE,FALSE,FALSE,0-0,0,0,4,624166,,R,S,,IF,5.12,4/30/2025 22:38,84.37,2357,9:00,1.31,-5.97,-5.74,-0.4,1.63,3.4,5.4,1.51,Slider,"hsla(49, 100%, 44%,1)",L,,,,,,,,,Miguel De La Cruz Segura
5,1,Top,John Kelly,Joseph Rosa,1,0,Ball,,0,TRUE,FALSE,FALSE,0-0,0,0,5,624166,,R,S,,IF,5.62,4/30/2025 22:38,93.06,2493,12:30,12.92,2.66,-6.07,-2.9,-1.63,1.56,5.45,1.3,Four-Seam,"hsla(321, 100%, 41%, 1)",L,,,,,,,,,Miguel De La Cruz Segura
6,1,Top,John Kelly,Joseph Rosa,2,0,Foul,,0,TRUE,FALSE,FALSE,0-0,0,0,6,624166,,R,S,,IF,5.25,4/30/2025 22:38,86.44,2631,9:15,1.96,-5.57,-6.64,-2.46,-0.48,2.33,5.41,1.37,Slider,"hsla(49, 100%, 44%,1)",L,,,,,,,,,Miguel De La Cruz Segura
7,1,Top,John Kelly,Joseph Rosa,2,1,Ball,,0,TRUE,FALSE,FALSE,0-0,0,0,7,624166,,R,S,,IF,5.21,4/30/2025 22:39,85.12,2484,8:30,-0.65,-8.4,-6.11,-3.15,-0.81,3.11,5.4,1.45,Slider,"hsla(49, 100%, 44%,1)",L,,,,,,,,,Miguel De La Cruz Segura
8,1,Top,John Kelly,Joseph Rosa,3,1,Foul,,0,TRUE,FALSE,FALSE,0-0,0,0,8,624166,,R,S,,IF,5.61,4/30/2025 22:39,92.83,2534,12:15,10.82,1.47,-6.67,-1.63,-0.38,1.19,5.44,1.27,Four-Seam,"hsla(321, 100%, 41%, 1)",L,,,,,,,,,Miguel De La Cruz Segura
9,1,Top,John Kelly,Joseph Rosa,3,2,Foul,,0,TRUE,FALSE,FALSE,0-0,0,0,9,624166,,R,S,,IF,5.31,4/30/2025 22:39,85.85,2659,8:45,0.51,-5.88,-6.55,-2.11,-0.06,2.6,5.37,1.43,Slider,"hsla(49, 100%, 44%,1)",L,,,,,,,,,Miguel De La Cruz Segura
10,1,Top,John Kelly,Joseph Rosa,3,2,,Walk,0,TRUE,FALSE,FALSE,0-0,0,0,10,624166,,R,S,,IF,5.86,4/30/2025 22:40,96.28,2493,12:30,14.62,4.17,-5.94,-3.19,-2.08,1.34,5.38,1.24,Four-Seam,"hsla(321, 100%, 41%, 1)",L,,,,,,,,,Miguel De La Cruz Segura
11,1,Top,John Kelly,JJ Matijevic,0,0,Ball,,0,TRUE,TRUE,FALSE,0-0,0,0,11,624166,,R,L,,IF,5.98,4/30/2025 22:41,94.59,2577,12:45,15.66,6.43,-4.73,-2.68,-1.84,2.48,5.4,1.19,Four-Seam,"hsla(321, 100%, 41%, 1)",L,,,,,,,,,Miguel De La Cruz Segura
12,1,Top,John Kelly,JJ Matijevic,1,0,Ball,,0,TRUE,TRUE,FALSE,0-0,0,0,12,624166,,R,L,,IF,5.95,4/30/2025 22:41,94.83,2600,12:15,13.67,2.41,-4.46,-2.8,-1.62,2.88,5.43,1.18,Four-Seam,"hsla(321, 100%, 41%, 1)",L,,,,,,,,,Miguel De La Cruz Segura
13,1,Top,John Kelly,JJ Matijevic,2,0,Ball,,0,TRUE,TRUE,FALSE,0-0,0,0,13,624166,,R,L,,IF,5.92,4/30/2025 22:41,93.91,2555,12:30,15.6,3.83,-5.42,-2.67,-1.61,1.87,5.41,1.19,Four-Seam,"hsla(321, 100%, 41%, 1)",L,,,,,,,,,Miguel De La Cruz Segura
14,1,Top,John Kelly,JJ Matijevic,3,0,,Walk,0,TRUE,TRUE,FALSE,0-0,0,0,14,624166,,R,L,,IF,5.9,4/30/2025 22:42,93.78,2600,12:15,15.84,1.22,-3.1,-1.63,-0.49,4.09,5.46,1.12,Four-Seam,"hsla(321, 100%, 41%, 1)",L,,,,,,,,,Miguel De La Cruz Segura
15,1,Top,John Kelly,James Nelson,0,0,Called Strike,,0,TRUE,TRUE,TRUE,0-0,0,0,15,624166,,R,R,,IF,5.2,4/30/2025 22:43,84.72,2599,8:30,-0.39,-6.04,-7.54,-1.38,0.33,1.92,5.51,1.12,Slider,"hsla(49, 100%, 44%,1)",R,,,,,,,,,Miguel De La Cruz Segura
16,1,Top,John Kelly,James Nelson,0,1,Called Strike,,0,TRUE,TRUE,TRUE,0-0,0,0,16,624166,,R,R,,IF,5.26,4/30/2025 22:44,84.78,2550,9:30,2.85,-5.5,-6.95,-0.98,0.81,2.25,5.51,1.28,Slider,"hsla(49, 100%, 44%,1)",R,,,,,,,,,Miguel De La Cruz Segura
17,1,Top,John Kelly,James Nelson,0,2,,double,0,TRUE,TRUE,TRUE,0-0,0,0,17,624166,,R,R,,IF,4.96,4/30/2025 22:44,79.47,2456,7:15,-7.26,-6.77,-8.26,-1.56,0.17,2.5,5.72,1.07,Curveball,"hsla(49, 100%, 44%,1)",R,,,,,,,,,Miguel De La Cruz Segura
18,1,Top,John Kelly,Bobby Bradley,0,0,Ball,,0,FALSE,TRUE,TRUE,0-0,0,0,18,624166,,R,L,,IF,5.73,4/30/2025 22:45,93.98,2556,12:30,15.15,4.39,-3.58,-1.47,-0.47,3.85,5.59,1.27,Four-Seam,"hsla(321, 100%, 41%, 1)",L,,,,,,,,,Miguel De La Cruz Segura
19,1,Top,John Kelly,Bobby Bradley,1,0,Ball,,0,FALSE,TRUE,TRUE,0-0,0,0,19,624166,,R,L,,IF,5.76,4/30/2025 22:45,94.2,2575,12:30,16.37,4.12,-3.44,-1.86,-0.75,3.73,5.46,1.33,Four-Seam,"hsla(321, 100%, 41%, 1)",L,,,,,,,,,Miguel De La Cruz Segura
20,1,Top,John Kelly,Bobby Bradley,2,0,Called Strike,,0,FALSE,TRUE,TRUE,0-0,0,0,20,624166,,R,L,,IF,5.88,4/30/2025 22:45,94.23,2588,12:45,16.86,6.42,-4.97,-0.65,-0.02,2.21,5.41,1.12,Four-Seam,"hsla(321, 100%, 41%, 1)",L,,,,,,,,,Miguel De La Cruz Segura
21,1,Top,John Kelly,Bobby Bradley,2,1,Ball,,0,FALSE,TRUE,TRUE,0-0,0,0,21,624166,,R,L,,IF,5.89,4/30/2025 22:46,94.85,2618,12:45,17.76,5.8,-3.07,-1.79,-0.92,3.96,5.51,1.23,Four-Seam,"hsla(321, 100%, 41%, 1)",L,,,,,,,,,Miguel De La Cruz Segura
22,1,Top,John Kelly,Bobby Bradley,3,1,Called Strike,,0,FALSE,TRUE,TRUE,0-0,0,0,22,624166,,R,L,,IF,5.94,4/30/2025 22:46,95.27,2620,12:30,15.57,4.83,-4.52,-0.35,0.54,2.63,5.39,1.27,Four-Seam,"hsla(321, 100%, 41%, 1)",L,,,,,,,,,Miguel De La Cruz Segura
23,1,Top,John Kelly,Bobby Bradley,3,2,Foul,,0,FALSE,TRUE,TRUE,0-0,0,0,23,624166,,R,L,,IF,5.92,4/30/2025 22:47,93.25,2524,12:45,15.16,5.1,-4.73,-0.45,0.47,2.61,5.41,1.31,Four-Seam,"hsla(321, 100%, 41%, 1)",L,,,,,,,,,Miguel De La Cruz Segura
24,1,Top,John Kelly,Bobby Bradley,3,2,,Walk,0,FALSE,TRUE,TRUE,0-0,0,0,24,624166,,R,L,,IF,5.88,4/30/2025 22:47,94.56,2571,12:15,18.18,2.22,-4.36,-3.1,-1.85,2.65,5.4,1.21,Four-Seam,"hsla(321, 100%, 41%, 1)",L,,,,,,,,,Miguel De La Cruz Segura
25,1,Top,John Kelly,Travis Demeritte,0,0,Foul,,0,TRUE,TRUE,TRUE,0-0,0,0,25,624166,,R,R,,IF,10.9,4/30/2025 22:48,175.51,4237,12:45,17.71,-1.97,-10.49,-3.7,-1.16,6.28,5.47,1.08,Four-Seam,"hsla(0, 0%, 58%, 1)",R,,,,,,,,,Miguel De La Cruz Segura
26,1,Top,John Kelly,Travis Demeritte,0,1,Swinging Strike,,0,TRUE,TRUE,TRUE,0-0,0,0,26,624166,,R,R,,IF,5.4,4/30/2025 22:48,85.46,2478,9:15,1.83,-6.48,-5.79,-2.35,-0.56,3.24,5.41,1.1,Slider,"hsla(49, 100%, 44%,1)",R,,,,,,,,,Miguel De La Cruz Segura
27,1,Top,John Kelly,Travis Demeritte,0,2,,fly out to the second baseman,0,TRUE,TRUE,TRUE,0-0,0,0,27,624166,,R,R,,IF,5.2,4/30/2025 22:48,85.31,2570,8:45,0.44,-6.23,-6.54,-1.69,0.04,2.73,5.46,1.11,Slider,"hsla(49, 100%, 44%,1)",R,,,,,,,,,Miguel De La Cruz Segura
28,1,Top,John Kelly,Zach Daniels,0,0,Called Strike,,1,TRUE,TRUE,TRUE,0-0,0,0,28,624166,,R,R,,OF,5.72,4/30/2025 22:49,90.96,2449,12:30,13.79,3.53,-5.44,0.22,0.91,2.34,5.52,1,Four-Seam,"hsla(321, 100%, 41%, 1)",R,,,,,,,,,Miguel De La Cruz Segura
29,1,Top,John Kelly,Zach Daniels,0,1,Ball,,1,TRUE,TRUE,TRUE,0-0,0,0,29,624166,,R,R,,OF,5.9,4/30/2025 22:49,89.99,2340,1:00,13.2,6.34,-6.13,-2.43,-1.73,1.66,5.4,1.06,Four-Seam,"hsla(321, 100%, 41%, 1)",R,,,,,,,,,Miguel De La Cruz Segura
30,1,Top,John Kelly,Zach Daniels,1,1,Ball,,1,TRUE,TRUE,TRUE,0-0,0,0,30,624166,,R,R,,OF,5.38,4/30/2025 22:50,85.02,2429,9:45,3.24,-4.76,-5.68,-2.04,-0.29,3.39,5.5,1.22,Slider,"hsla(49, 100%, 44%,1)",R,,,,,,,,,Miguel De La Cruz Segura
31,1,Top,John Kelly,Zach Daniels,2,1,,double,1,TRUE,TRUE,TRUE,0-0,0,0,31,624166,,R,R,,OF,5.87,4/30/2025 22:50,92.99,2447,1:00,14.48,7.08,-4.48,-0.83,-0.2,2.99,5.47,1.16,Four-Seam,"hsla(321, 100%, 41%, 1)",R,,,,,,,,,Miguel De La Cruz Segura
32,1,Top,John Kelly,Ariel Pestano Jr.,0,0,Ball,,1,FALSE,TRUE,TRUE,0-0,0,0,32,624166,,R,R,,C,5.79,4/30/2025 22:51,92.09,2445,12:30,15.54,4.76,-2.98,-1.1,-0.16,4.46,5.56,1.26,Four-Seam,"hsla(321, 100%, 41%, 1)",L,,,,,,,,,Miguel De La Cruz Segura
33,1,Top,John Kelly,Ariel Pestano Jr.,1,0,Foul,,1,FALSE,TRUE,TRUE,0-0,0,0,33,624166,,R,R,,C,5.97,4/30/2025 22:51,91.33,2427,1:00,15.12,7.83,-4.24,-0.32,0.28,3.24,5.44,1.23,Four-Seam,"hsla(321, 100%, 41%, 1)",L,,,,,,,,,Miguel De La Cruz Segura
34,1,Top,John Kelly,Ariel Pestano Jr.,1,1,Ball,,1,FALSE,TRUE,TRUE,0-0,0,0,34,624166,,R,R,,C,5.15,4/30/2025 22:52,83.98,2586,8:15,-0.69,-5.26,-6.19,-0.77,1.09,3.3,5.49,1.38,Slider,"hsla(49, 100%, 44%,1)",L,,,,,,,,,Miguel De La Cruz Segura
35,1,Top,John Kelly,Ariel Pestano Jr.,2,1,,sacrifice fly to center fielder,1,FALSE,TRUE,FALSE,0-0,0,0,35,624166,,R,R,,C,5.91,4/30/2025 22:52,91.65,2514,12:45,16.77,7.33,-5.05,-0.5,0.1,2.37,5.47,1.17,Four-Seam,"hsla(321, 100%, 41%, 1)",L,,,,,,,,,Miguel De La Cruz Segura
36,1,Top,John Kelly,Benjamin Blackwell,0,0,Called Strike,,2,FALSE,TRUE,FALSE,0-0,0,0,36,624166,,R,R,,IF,5.4,4/30/2025 22:53,85.2,2572,9:00,1.48,-7.75,-6.76,-2.62,-0.54,2.47,5.51,1.26,Slider,"hsla(49, 100%, 44%,1)",R,,,,,,,,,Miguel De La Cruz Segura
37,1,Top,John Kelly,Benjamin Blackwell,0,1,,fly out,2,FALSE,TRUE,FALSE,0-0,0,0,37,624166,,R,R,,IF,5.28,4/30/2025 22:53,83.84,2521,9:00,1.56,-5.55,-7.62,-2.03,-0.44,1.75,5.49,1.01,Slider,"hsla(49, 100%, 44%,1)",R,,,,,,,,,Miguel De La Cruz Segura
38,1,Bottom,Jamison Hill,Jackson Loftin,0,0,Ball,,0,FALSE,FALSE,FALSE,0-0,0,0,1,624166,,R,R,2-Jun,U,6.18,4/30/2025 22:56,91.48,2227,1:00,19.14,9.49,-6.68,-1.42,-1.07,1.34,6.22,1.03,Four-Seam,"hsla(321, 100%, 41%, 1)",R,,,,,,,,,Miguel De La Cruz Segura
39,1,Bottom,Jamison Hill,Jackson Loftin,1,0,Foul,,0,FALSE,FALSE,FALSE,0-0,0,0,2,624166,,R,R,2-Jun,U,5.57,4/30/2025 22:56,83.93,2773,8:00,-2.89,-6.91,-8.76,-2.75,-0.71,1.8,6.29,1.27,Slider,"hsla(14, 88%, 30%,1)",R,,,,,,,,,Miguel De La Cruz Segura
40,1,Bottom,Jamison Hill,Jackson Loftin,1,1,Ball,,0,FALSE,FALSE,FALSE,0-0,0,0,3,624166,,R,R,2-Jun,U,5.5,4/30/2025 22:57,86.03,2704,9:45,3.11,-4.42,-5.68,-1.73,-0.1,4.1,6.34,1.15,Slider,"hsla(14, 88%, 30%,1)",R,,,,,,,,,Miguel De La Cruz Segura
41,1,Bottom,Jamison Hill,Jackson Loftin,2,1,Ball,,0,FALSE,FALSE,FALSE,0-0,0,0,4,624166,,R,R,2-Jun,U,6.21,4/30/2025 22:57,92.26,2324,1:15,19.16,12.47,-6.97,-0.56,-0.59,1.05,6.2,0.96,Four-Seam,"hsla(321, 100%, 41%, 1)",R,,,,,,,,,Miguel De La Cruz Segura
42,1,Bottom,Jamison Hill,Jackson Loftin,3,1,Called Strike,,0,FALSE,FALSE,FALSE,0-0,0,0,5,624166,,R,R,2-Jun,U,5.93,4/30/2025 22:57,92.71,2396,1:15,18.2,13.4,-6.21,0.12,-0.07,1.85,6.23,0.94,Four-Seam,"hsla(321, 100%, 41%, 1)",R,,,,,,,,,Miguel De La Cruz Segura
43,1,Bottom,Jamison Hill,Jackson Loftin,3,2,Called Strike,strike out,0,FALSE,FALSE,FALSE,0-0,0,0,6,624166,,R,R,2-Jun,U,5.62,4/30/2025 22:58,86.78,2614,8:30,-0.08,-5.21,-7.4,-2.91,-1.19,2.81,6.34,1.09,Slider,"hsla(14, 88%, 30%,1)",R,,,,,,,,,Miguel De La Cruz Segura
44,1,Bottom,Jamison Hill,John Taylor,0,0,Swinging Strike,,1,FALSE,FALSE,FALSE,0-0,0,0,7,624166,,R,L,,2B,5.6,4/30/2025 22:58,85.9,2890,7:45,-2.62,-5.18,-9.33,-2.94,-1.22,1.27,6.33,1.09,Slider,"hsla(14, 88%, 30%,1)",L,,,,,,,,,Miguel De La Cruz Segura
45,1,Bottom,Jamison Hill,John Taylor,0,1,Ball,,1,FALSE,FALSE,FALSE,0-0,0,0,8,624166,,R,L,,2B,5.97,4/30/2025 22:58,93.51,2466,12:45,20.63,6.79,-5.06,-1.75,-1.12,2.81,6.27,1.07,Four-Seam,"hsla(321, 100%, 41%, 1)",L,,,,,,,,,Miguel De La Cruz Segura
46,1,Bottom,Jamison Hill,John Taylor,1,1,Ball,,1,FALSE,FALSE,FALSE,0-0,0,0,9,624166,,R,L,,2B,5.94,4/30/2025 22:59,85.49,1714,2:00,4.79,5.92,-9.57,-0.67,-0.04,0.2,6.12,1.09,ChangeUp,"hsla(14, 88%, 30%,1)",L,,,,,,,,,Miguel De La Cruz Segura
47,1,Bottom,Jamison Hill,John Taylor,2,1,Called Strike,,1,FALSE,FALSE,FALSE,0-0,0,0,10,624166,,R,L,,2B,5.55,4/30/2025 22:59,86.1,2746,8:45,-0.01,-6.86,-7.19,-2.5,-0.66,2.95,6.27,1.1,Slider,"hsla(14, 88%, 30%,1)",L,,,,,,,,,Miguel De La Cruz Segura
48,1,Bottom,Jamison Hill,John Taylor,2,2,,triple,1,FALSE,FALSE,FALSE,0-0,0,0,11,624166,,R,L,,2B,5.87,4/30/2025 22:59,93.5,2402,12:45,22.49,7.93,-5.52,-0.89,-0.56,2.2,6.26,0.93,Four-Seam,"hsla(321, 100%, 41%, 1)",L,,,,,,,,,Miguel De La Cruz Segura
49,1,Bottom,Jamison Hill,Ethan Wilson,0,0,Swinging Strike,,1,FALSE,FALSE,TRUE,0-0,0,0,12,624166,,R,L,,RF,5.96,4/30/2025 23:00,85.02,1726,1:45,5.48,5.64,-7.76,-0.63,0.04,1.95,6.19,1.1,ChangeUp,"hsla(79, 100%, 32%,1)",L,,,,,,,,,Miguel De La Cruz Segura
50,1,Bottom,Jamison Hill,Ethan Wilson,0,1,Swinging Strike,,1,FALSE,FALSE,TRUE,0-0,0,0,13,624166,,R,L,,RF,5.68,4/30/2025 23:01,88.59,2772,8:45,0.68,-4.51,-8.3,-2.68,-1.07,1.62,6.24,1.04,Slider,"hsla(14, 88%, 30%,1)",L,,,,,,,,,Miguel De La Cruz Segura
51,1,Bottom,Jamison Hill,Ethan Wilson,0,2,Ball,,1,FALSE,FALSE,TRUE,0-0,0,0,14,624166,,R,L,,RF,5.84,4/30/2025 23:01,86.5,1760,1:45,5.92,6.97,-12.21,-0.22,0.11,-2.47,6.19,0.91,ChangeUp,"hsla(79, 100%, 32%,1)",L,,,,,,,,,Miguel De La Cruz Segura
52,1,Bottom,Jamison Hill,Ethan Wilson,1,2,Swinging Strike,strike out,1,FALSE,FALSE,FALSE,0-0,0,0,15,624166,,R,L,,RF,5.66,4/30/2025 23:02,86.79,2648,8:30,-0.96,-7.51,-8.72,-2.6,-0.78,1.5,6.31,1.01,Slider,"hsla(14, 88%, 30%,1)",L,,,,,,,,,Miguel De La Cruz Segura
53,1,Bottom,Jamison Hill,Alejandro De Aza,0,0,Ball,,2,FALSE,FALSE,FALSE,0-0,0,0,16,624166,,R,L,,U,5.74,4/30/2025 23:02,80.61,2696,6:45,-13.64,-5.54,-10.48,-2.48,-0.86,1.53,6.38,0.98,Curveball,"hsla(49, 100%, 44%,1)",L,,,,,,,,,Miguel De La Cruz Segura
54,1,Bottom,Jamison Hill,Alejandro De Aza,1,0,Ball,,2,FALSE,FALSE,FALSE,0-0,0,0,17,624166,,R,L,,U,5.91,4/30/2025 23:02,85.48,1827,1:15,4.31,2.19,-8.58,-0.93,0,1.17,6.18,1.04,Slider,"hsla(79, 100%, 32%,1)",L,,,,,,,,,Miguel De La Cruz Segura
55,1,Bottom,Jamison Hill,Alejandro De Aza,2,0,,fly out,2,FALSE,FALSE,FALSE,0-0,0,0,18,624166,,R,L,,U,6.29,4/30/2025 23:03,92.49,2193,1:30,15.15,12.77,-5.98,-0.12,-0.12,2.2,6.1,1.05,Four-Seam,"hsla(321, 100%, 41%, 1)",L,,,,,,,,,Miguel De La Cruz Segura
56,2,Top,John Kelly,Alsander Womack,0,0,Foul,,0,FALSE,FALSE,FALSE,0-0,0,0,38,624166,,R,R,,IF,5.83,4/30/2025 23:05,91.5,2485,12:30,18.07,3.96,-4.32,-0.84,0.02,3.04,5.56,1.12,Four-Seam,"hsla(321, 100%, 41%, 1)",R,,,,,,,,,Miguel De La Cruz Segura
57,2,Top,John Kelly,Alsander Womack,0,1,Ball,,0,FALSE,FALSE,FALSE,0-0,0,0,39,624166,,R,R,,IF,5.34,4/30/2025 23:06,82.91,2400,8:30,-0.15,-5.18,-9.1,-1.33,0.4,0.61,5.55,1.21,Slider,"hsla(49, 100%, 44%,1)",R,,,,,,,,,Miguel De La Cruz Segura
58,2,Top,John Kelly,Alsander Womack,1,1,Foul,,0,FALSE,FALSE,FALSE,0-0,0,0,40,624166,,R,R,,IF,5.2,4/30/2025 23:06,82.12,2449,7:30,-3.64,-5.1,-8.19,-1.32,0.46,1.86,5.48,1.27,Slider,"hsla(49, 100%, 44%,1)",R,,,,,,,,,Miguel De La Cruz Segura
59,2,Top,John Kelly,Alsander Womack,1,2,,fly out,0,FALSE,FALSE,FALSE,0-0,0,0,41,624166,,R,R,,IF,5.12,4/30/2025 23:06,78.58,2555,8:00,-3.58,-9,-7.23,-1.18,0.63,3.17,5.6,0.98,Curveball,"hsla(49, 100%, 44%,1)",R,,,,,,,,,Miguel De La Cruz Segura
60,2,Top,John Kelly,Joseph Rosa,0,0,Called Strike,,1,FALSE,FALSE,FALSE,0-0,0,0,42,624166,,R,S,,IF,5.15,4/30/2025 23:07,77.9,2371,7:15,-7.78,-7.01,-8.42,-2.43,-0.55,2.53,5.7,1.16,Curveball,"hsla(49, 100%, 44%,1)",L,,,,,,,,,Miguel De La Cruz Segura
61,2,Top,John Kelly,Joseph Rosa,0,1,Ball,,1,FALSE,FALSE,FALSE,0-0,0,0,43,624166,,R,S,,IF,5.3,4/30/2025 23:07,82.15,2608,8:30,-0.47,-6.61,-9.33,-1.74,0.43,0.4,5.44,1.51,Slider,"hsla(49, 100%, 44%,1)",L,,,,,,,,,Miguel De La Cruz Segura
62,2,Top,John Kelly,Joseph Rosa,1,1,Called Strike,,1,FALSE,FALSE,FALSE,0-0,0,0,44,624166,,R,S,,IF,6.03,4/30/2025 23:08,91.49,2480,12:30,15.9,4.03,-5.66,-1.09,-0.12,1.83,5.45,1.23,Four-Seam,"hsla(321, 100%, 41%, 1)",L,,,,,,,,,Miguel De La Cruz Segura
63,2,Top,John Kelly,Joseph Rosa,1,2,,fly out,1,FALSE,FALSE,FALSE,0-0,0,0,45,624166,,R,S,,IF,5.15,4/30/2025 23:08,78.33,2631,6:45,-12.17,-5.83,-11.37,-1.73,0.05,-0.07,5.58,1.19,Curveball,"hsla(212, 97%, 62%,1)",L,,,,,,,,,Miguel De La Cruz Segura
64,2,Top,John Kelly,JJ Matijevic,0,0,,fly out to center field,2,FALSE,FALSE,FALSE,0-0,0,0,46,624166,,R,L,,IF,5.9,4/30/2025 23:08,92.35,2492,12:30,14.49,4.52,-4.65,-1.18,-0.2,2.85,5.46,1.28,Four-Seam,"hsla(321, 100%, 41%, 1)",L,,,,,,,,,Miguel De La Cruz Segura
65,2,Bottom,Jamison Hill,Pearce Howard,0,0,Foul,,0,FALSE,FALSE,FALSE,0-0,0,0,19,624166,,R,L,3-Jun,OF,6.17,4/30/2025 23:11,91.72,2325,12:45,19.04,7.99,-4.45,-0.66,-0.08,3.49,6.22,1.2,Four-Seam,"hsla(321, 100%, 41%, 1)",L,,,,,,,,,Miguel De La Cruz Segura
66,2,Bottom,Jamison Hill,Pearce Howard,0,1,Called Strike,,0,FALSE,FALSE,FALSE,0-0,0,0,20,624166,,R,L,3-Jun,OF,6.26,4/30/2025 23:12,92.35,2176,1:45,13.98,15.41,-5.52,1.27,0.98,2.84,6.21,1.09,Sinker,"hsla(321, 100%, 41%, 1)",L,,,,,,,,,Miguel De La Cruz Segura
67,2,Bottom,Jamison Hill,Pearce Howard,0,2,,single,0,FALSE,FALSE,FALSE,0-0,0,0,21,624166,,R,L,3-Jun,OF,5.86,4/30/2025 23:12,86.2,1630,1:15,6.35,4.02,-6.55,-0.06,0.55,2.97,6.29,0.95,ChangeUp,"hsla(79, 100%, 32%,1)",L,,,,,,,,,Miguel De La Cruz Segura
68,2,Bottom,Jamison Hill,Brett Barrera,0,0,Ball,,0,TRUE,FALSE,FALSE,0-0,0,0,22,624166,,R,R,Jun-00,3B,5.97,4/30/2025 23:13,92.11,2226,12:45,19.52,8.34,-3.87,0.65,0.98,3.97,6.23,1.07,Four-Seam,"hsla(321, 100%, 41%, 1)",R,,,,,,,,,Miguel De La Cruz Segura
69,2,Bottom,Jamison Hill,Brett Barrera,1,0,Called Strike,,0,TRUE,FALSE,FALSE,0-0,0,0,23,624166,,R,R,Jun-00,3B,5.74,4/30/2025 23:13,84.59,2613,8:30,-0.28,-5.04,-8.04,-1.8,-0.06,2.11,6.19,1.19,Slider,"hsla(14, 88%, 30%,1)",R,,,,,,,,,Miguel De La Cruz Segura
70,2,Bottom,Jamison Hill,Brett Barrera,1,1,,single,0,TRUE,FALSE,FALSE,0-0,0,0,24,624166,,R,R,Jun-00,3B,6.15,4/30/2025 23:13,91.94,2275,12:45,20.45,8.77,-4.63,-0.55,-0.13,3.17,6.21,1.11,Four-Seam,"hsla(321, 100%, 41%, 1)",R,,,,,,,,,Miguel De La Cruz Segura
71,2,Bottom,Jamison Hill,Gio Digiacomo,0,0,Ball,,0,TRUE,TRUE,FALSE,0-0,0,0,25,624166,,R,L,,OF,6.22,4/30/2025 23:14,91.83,2267,1:00,18.94,9.49,-4.56,1.14,1.45,3.38,6.23,1.19,Four-Seam,"hsla(321, 100%, 41%, 1)",L,,,,,,,,,Miguel De La Cruz Segura
72,2,Bottom,Jamison Hill,Gio Digiacomo,1,0,Called Strike,,0,FALSE,TRUE,TRUE,0-0,0,0,26,624166,,R,L,,OF,5.61,4/30/2025 23:15,83.42,2729,8:15,-1.68,-6.86,-8.61,-2.06,-0.29,1.89,6.29,1.06,Slider,"hsla(14, 88%, 30%,1)",L,,,,,,,,,Miguel De La Cruz Segura
73,2,Bottom,Jamison Hill,Gio Digiacomo,1,1,Foul,,0,FALSE,TRUE,TRUE,0-0,0,0,27,624166,,R,L,,OF,5.77,4/30/2025 23:16,83.85,2838,7:45,-3.35,-6.5,-7.31,-2.37,-0.56,3.22,6.23,1.1,Slider,"hsla(14, 88%, 30%,1)",L,,,,,,,,,Miguel De La Cruz Segura
74,2,Bottom,Jamison Hill,Gio Digiacomo,1,2,,single,0,FALSE,TRUE,TRUE,0-0,0,0,28,624166,,R,L,,OF,5.65,4/30/2025 23:16,82.94,2748,7:15,-4.84,-5.14,-9.03,-1.68,-0.11,1.88,6.28,1.02,Slider,"hsla(14, 88%, 30%,1)",L,,,,,,,,,Miguel De La Cruz Segura
75,2,Bottom,Jamison Hill,Sam Dexter,0,0,Ball,,0,TRUE,FALSE,FALSE,0-0,0,0,29,624166,,R,R,11-May,SS,,,,,,,,,,,,,,,,,,,,,,,,,Miguel De La Cruz Segura
76,2,Bottom,Jamison Hill,Sam Dexter,1,0,,fly out,0,TRUE,FALSE,FALSE,0-0,0,0,30,624166,,R,R,11-May,SS,,,,,,,,,,,,,,,,,,,,,,,,,Miguel De La Cruz Segura
77,2,Bottom,Jamison Hill,Sam Dexter,1,0,Ball,,1,TRUE,FALSE,FALSE,0-0,0,0,31,624166,,R,R,11-May,SS,,,,,,,,,,,,,,,,,,,,,,,,,Miguel De La Cruz Segura
78,2,Bottom,Jamison Hill,Sam Dexter,2,0,Foul,,1,TRUE,FALSE,FALSE,0-0,0,0,32,624166,,R,R,11-May,SS,,,,,,,,,,,,,,,,,,,,,,,,,Miguel De La Cruz Segura
79,2,Bottom,Jamison Hill,Sam Dexter,2,1,Swinging Strike,,1,TRUE,FALSE,FALSE,0-0,0,0,33,624166,,R,R,11-May,SS,,,,,,,,,,,,,,,,,,,,,,,,,Miguel De La Cruz Segura
80,2,Bottom,Jamison Hill,Sam Dexter,2,2,Swinging Strike,strike out,1,TRUE,FALSE,FALSE,0-0,0,0,34,624166,,R,R,11-May,SS,,,,,,,,,,,,,,,,,,,,,,,,,Miguel De La Cruz Segura
81,2,Bottom,Jamison Hill,Ryan McCarthy,0,0,Ball,,2,TRUE,FALSE,FALSE,0-0,0,0,35,624166,,R,L,3-Jun,OF,,,,,,,,,,,,,,,,,,,,,,,,,Miguel De La Cruz Segura
82,2,Bottom,Jamison Hill,Ryan McCarthy,1,0,Swinging Strike,,2,TRUE,FALSE,FALSE,0-0,0,0,36,624166,,R,L,3-Jun,OF,,,,,,,,,,,,,,,,,,,,,,,,,Miguel De La Cruz Segura
83,2,Bottom,Jamison Hill,Ryan McCarthy,1,1,Ball,,2,TRUE,FALSE,FALSE,0-0,0,0,37,624166,,R,L,3-Jun,OF,,,,,,,,,,,,,,,,,,,,,,,,,Miguel De La Cruz Segura
84,2,Bottom,Jamison Hill,Ryan McCarthy,2,1,Ball,,2,TRUE,FALSE,FALSE,0-0,0,0,38,624166,,R,L,3-Jun,OF,,,,,,,,,,,,,,,,,,,,,,,,,Miguel De La Cruz Segura
85,2,Bottom,Jamison Hill,Ryan McCarthy,3,1,,Walk,2,TRUE,FALSE,FALSE,0-0,0,0,39,624166,,R,L,3-Jun,OF,,,,,,,,,,,,,,,,,,,,,,,,,Miguel De La Cruz Segura
86,2,Bottom,Jamison Hill,Jackson Loftin,0,0,Ball,,2,TRUE,FALSE,FALSE,0-0,0,0,40,624166,,R,R,2-Jun,U,,,,,,,,,,,,,,,,,,,,,,,,,Miguel De La Cruz Segura
87,2,Bottom,Jamison Hill,Jackson Loftin,1,0,Ball,,2,TRUE,FALSE,FALSE,0-0,0,0,41,624166,,R,R,2-Jun,U,,,,,,,,,,,,,,,,,,,,,,,,,Miguel De La Cruz Segura
88,2,Bottom,Jamison Hill,Jackson Loftin,2,0,Ball,,2,TRUE,FALSE,FALSE,0-0,0,0,42,624166,,R,R,2-Jun,U,,,,,,,,,,,,,,,,,,,,,,,,,Miguel De La Cruz Segura
89,2,Bottom,Jamison Hill,Jackson Loftin,3,0,Called Strike,,2,TRUE,FALSE,FALSE,0-0,0,0,43,624166,,R,R,2-Jun,U,,,,,,,,,,,,,,,,,,,,,,,,,Miguel De La Cruz Segura
90,2,Bottom,Jamison Hill,Jackson Loftin,3,1,,Walk,2,TRUE,FALSE,FALSE,0-0,0,0,44,624166,,R,R,2-Jun,U,,,,,,,,,,,,,,,,,,,,,,,,,Miguel De La Cruz Segura
91,2,Bottom,Jamison Hill,John Taylor,0,0,,fly out to center field,2,TRUE,TRUE,FALSE,0-0,0,0,45,624166,,R,L,,2B,6.37,4/30/2025 23:24,91.32,2203,12:30,19.26,5.94,-4.77,-1.36,-0.6,3.14,6.14,1.15,Four-Seam,"hsla(321, 100%, 41%, 1)",L,,,,,,,,,Miguel De La Cruz Segura
92,3,Top,John Kelly,James Nelson,0,0,Ball,,0,FALSE,FALSE,FALSE,0-0,0,0,47,624166,,R,R,,IF,5.2,4/30/2025 23:27,82.29,2378,9:30,2.26,-4.29,-6.11,-1.54,0.23,3.29,5.52,1.31,Slider,"hsla(49, 100%, 44%,1)",R,,,,,,,,,Miguel De La Cruz Segura
93,3,Top,John Kelly,James Nelson,1,0,Swinging Strike,,0,FALSE,FALSE,FALSE,0-0,0,0,48,624166,,R,R,,IF,5.28,4/30/2025 23:27,81.64,2430,9:15,1.92,-4.56,-7.76,-2.59,-0.63,1.76,5.46,1.42,Slider,"hsla(49, 100%, 44%,1)",R,,,,,,,,,Miguel De La Cruz Segura
94,3,Top,John Kelly,James Nelson,1,1,,single,0,FALSE,FALSE,FALSE,0-0,0,0,49,624166,,R,R,,IF,5.22,4/30/2025 23:28,82.17,2479,9:45,2.61,-3.63,-7.61,-1.86,-0.11,1.74,5.46,1.34,Slider,"hsla(49, 100%, 44%,1)",R,,,,,,,,,Miguel De La Cruz Segura
95,3,Top,John Kelly,Bobby Bradley,0,0,Ball,,0,TRUE,FALSE,FALSE,0-0,0,0,50,624166,,R,L,,IF,6.01,4/30/2025 23:28,91.97,2412,1:15,12.8,8.55,-4.88,-2.72,-1.9,2.81,5.45,1.34,Four-Seam,"hsla(321, 100%, 41%, 1)",L,,,,,,,,,Miguel De La Cruz Segura
96,3,Top,John Kelly,Bobby Bradley,1,0,Ball,,0,TRUE,FALSE,FALSE,0-0,0,0,51,624166,,R,L,,IF,5.85,4/30/2025 23:29,91.5,2405,1:00,11.16,6.31,-5.56,-2.35,-1.43,2.35,5.49,1.28,Four-Seam,"hsla(321, 100%, 41%, 1)",L,,,,,,,,,Miguel De La Cruz Segura
97,3,Top,John Kelly,Bobby Bradley,2,0,,3,0,FALSE,TRUE,FALSE,0-0,0,0,52,624166,,R,L,,IF,5.68,4/30/2025 23:29,92.11,2514,12:45,20.62,8.19,-3.48,-1,-0.27,3.48,5.46,1.34,Four-Seam,"hsla(321, 100%, 41%, 1)",L,,,,,,,,,Miguel De La Cruz Segura
98,3,Top,John Kelly,Travis Demeritte,0,0,Foul,,1,FALSE,TRUE,FALSE,0-0,0,0,53,624166,,R,R,,IF,,,,,,,,,,,,,,,,,,,,,,,,,Miguel De La Cruz Segura
99,3,Top,John Kelly,Travis Demeritte,0,1,Called Strike,,1,FALSE,TRUE,FALSE,0-0,0,0,54,624166,,R,R,,IF,,,,,,,,,,,,,,,,,,,,,,,,,Miguel De La Cruz Segura
100,3,Top,John Kelly,Travis Demeritte,0,2,Foul,,1,FALSE,FALSE,TRUE,0-0,0,0,55,624166,,R,R,,IF,,,,,,,,,,,,,,,,,,,,,,,,,Miguel De La Cruz Segura
101,3,Top,John Kelly,Travis Demeritte,0,2,,double,1,FALSE,FALSE,TRUE,0-0,0,0,56,624166,,R,R,,IF,,,,,,,,,,,,,,,,,,,,,,,,,Miguel De La Cruz Segura
102,3,Top,John Kelly,Zach Daniels,0,0,Ball,,1,FALSE,TRUE,FALSE,0-0,0,0,57,624166,,R,R,,OF,,,,,,,,,,,,,,,,,,,,,,,,,Miguel De La Cruz Segura
103,3,Top,John Kelly,Zach Daniels,1,0,Ball,,1,FALSE,TRUE,FALSE,0-0,0,0,58,624166,,R,R,,OF,,,,,,,,,,,,,,,,,,,,,,,,,Miguel De La Cruz Segura
104,3,Top,John Kelly,Zach Daniels,2,0,Ball,,1,FALSE,TRUE,FALSE,0-0,0,0,59,624166,,R,R,,OF,,,,,,,,,,,,,,,,,,,,,,,,,Miguel De La Cruz Segura
105,3,Top,John Kelly,Zach Daniels,3,0,,Walk,1,FALSE,TRUE,FALSE,0-0,0,0,60,624166,,R,R,,OF,,,,,,,,,,,,,,,,,,,,,,,,,Miguel De La Cruz Segura
106,3,Top,John Kelly,Ariel Pestano Jr.,0,0,Called Strike,,1,TRUE,TRUE,FALSE,0-0,0,0,61,624166,,R,R,,C,5.18,4/30/2025 23:34,83.07,2546,8:00,-2.27,-6.11,-6.19,-1.35,0.66,3.43,5.48,1.42,Slider,"hsla(49, 100%, 44%,1)",L,,,,,,,,,Miguel De La Cruz Segura
107,3,Top,John Kelly,Ariel Pestano Jr.,0,1,,home run,1,FALSE,FALSE,FALSE,Jan-00,1,0,62,624166,,R,R,,C,5.67,4/30/2025 23:34,89.82,2551,1:15,15.12,9.82,-5.01,-0.34,0.15,2.51,5.37,1.28,Four-Seam,"hsla(321, 100%, 41%, 1)",L,,,,,,,,,Miguel De La Cruz Segura
108,3,Top,John Kelly,Benjamin Blackwell,0,0,,fly out,1,FALSE,FALSE,FALSE,Jan-00,1,0,63,624166,,R,R,,IF,5.16,4/30/2025 23:35,82.42,2471,8:00,-2.55,-7.41,-8.1,-1.04,0.91,1.75,5.48,1.28,Slider,"hsla(49, 100%, 44%,1)",R,,,,,,,,,Miguel De La Cruz Segura
109,3,Top,John Kelly,Jonathan Soto,0,0,Swinging Strike,,2,FALSE,FALSE,FALSE,Jan-00,1,0,64,624166,,R,R,,C,5.23,4/30/2025 23:35,80.68,2386,9:00,0.99,-7.03,-8.59,-2.4,-0.4,1.18,5.49,1.27,Slider,"hsla(49, 100%, 44%,1)",L,,,,,,,,,Miguel De La Cruz Segura
110,3,Top,John Kelly,Jonathan Soto,0,1,Swinging Strike,,2,FALSE,FALSE,FALSE,Jan-00,1,0,65,624166,,R,R,,C,4.88,4/30/2025 23:36,77.38,2392,6:45,-7.7,-4.2,-9.94,-0.97,0.27,1.16,5.71,0.84,Curveball,"hsla(49, 100%, 44%,1)",L,,,,,,,,,Miguel De La Cruz Segura
111,3,Top,John Kelly,Jonathan Soto,0,2,Ball,,2,FALSE,FALSE,FALSE,Jan-00,1,0,66,624166,,R,R,,C,5.05,4/30/2025 23:36,79.46,2439,7:15,-6.37,-5.76,-9.96,-2.25,-0.76,0.75,5.69,0.88,Curveball,"hsla(49, 100%, 44%,1)",L,,,,,,,,,Miguel De La Cruz Segura
112,3,Top,John Kelly,Jonathan Soto,1,2,Ball,,2,FALSE,FALSE,FALSE,Jan-00,1,0,67,624166,,R,R,,C,4.82,4/30/2025 23:36,77.45,2426,6:15,-6.38,-1.2,-9.53,0.12,1.17,1.49,5.75,0.96,Curveball,"hsla(49, 100%, 44%,1)",L,,,,,,,,,Miguel De La Cruz Segura
113,3,Top,John Kelly,Jonathan Soto,2,2,Ball,,2,FALSE,FALSE,FALSE,Jan-00,1,0,68,624166,,R,R,,C,5.1,4/30/2025 23:37,81.33,2448,9:30,2.88,-6.43,-6.52,-0.28,1.56,2.9,5.45,1.28,Slider,"hsla(49, 100%, 44%,1)",L,,,,,,,,,Miguel De La Cruz Segura
114,3,Top,John Kelly,Jonathan Soto,3,2,Called Strike,strike out,2,FALSE,FALSE,FALSE,Jan-00,1,0,69,624166,,R,R,,C,5.09,4/30/2025 23:37,82.58,2634,8:00,-3.41,-7.99,-8.32,-1.43,0.51,1.62,5.42,1.18,Slider,"hsla(49, 100%, 44%,1)",L,,,,,,,,,Miguel De La Cruz Segura
115,3,Bottom,Jamison Hill,Ethan Wilson,0,0,,3,0,FALSE,FALSE,FALSE,Jan-00,1,0,46,624166,,R,L,,RF,6.31,4/30/2025 23:40,89.43,2001,1:45,13.28,15.89,-6.08,0.22,-0.02,2.49,6.11,1.1,Sinker,"hsla(321, 100%, 41%, 1)",L,,,,,,,,,Miguel De La Cruz Segura
116,3,Bottom,Jamison Hill,Alejandro De Aza,0,0,Ball,,1,FALSE,FALSE,FALSE,Jan-00,1,0,47,624166,,R,L,,U,5.6,4/30/2025 23:40,78.54,2481,6:30,-14.49,-3.87,-8.93,0.25,1.66,3.26,6.35,1.11,Curveball,"hsla(212, 97%, 62%,1)",L,,,,,,,,,Miguel De La Cruz Segura
117,3,Bottom,Jamison Hill,Alejandro De Aza,1,0,Called Strike,,1,FALSE,FALSE,FALSE,Jan-00,1,0,48,624166,,R,L,,U,5.67,4/30/2025 23:40,82.13,2509,7:45,-1.92,-4.25,-8.51,-1.86,-0.25,2.18,6.3,1.13,Slider,"hsla(49, 100%, 44%,1)",L,,,,,,,,,Miguel De La Cruz Segura
118,3,Bottom,Jamison Hill,Alejandro De Aza,1,1,Foul,,1,FALSE,FALSE,FALSE,Jan-00,1,0,49,624166,,R,L,,U,6.2,4/30/2025 23:41,91.92,2109,1:00,16.47,9.01,-6.27,-0.88,-0.63,1.99,6.23,0.93,Four-Seam,"hsla(321, 100%, 41%, 1)",L,,,,,,,,,Miguel De La Cruz Segura
119,3,Bottom,Jamison Hill,Alejandro De Aza,1,2,Ball,,1,FALSE,FALSE,FALSE,Jan-00,1,0,50,624166,,R,L,,U,5.91,4/30/2025 23:41,92.5,2190,12:45,19.13,8.02,-3.62,-0.8,-0.3,4.21,6.19,1.11,Four-Seam,"hsla(321, 100%, 41%, 1)",L,,,,,,,,,Miguel De La Cruz Segura
120,3,Bottom,Jamison Hill,Alejandro De Aza,2,2,Called Strike,strike out,1,FALSE,FALSE,FALSE,Jan-00,1,0,51,624166,,R,L,,U,5.7,4/30/2025 23:42,84.84,2851,7:45,-3.76,-5.82,-7.24,-2.01,-0.34,3.3,6.28,1.05,Slider,"hsla(49, 100%, 44%,1)",L,,,,,,,,,Miguel De La Cruz Segura
121,3,Bottom,Jamison Hill,Pearce Howard,0,0,,fly out to left field,2,FALSE,FALSE,FALSE,Jan-00,1,0,52,624166,,R,L,3-Jun,OF,6.09,4/30/2025 23:42,91.05,2189,12:30,20.02,3.78,-5.7,-1.25,-0.46,2.28,6.19,1.01,Four-Seam,"hsla(321, 100%, 41%, 1)",L,,,,,,,,,Miguel De La Cruz Segura
122,4,Top,Rafi Vazquez,Joseph Rosa,0,0,Ball,,0,FALSE,FALSE,FALSE,Jan-00,1,0,1,624166,,R,S,,IF,5.49,4/30/2025 23:45,91.68,2456,1:30,12.44,12.11,-3.81,1.04,1.86,3.69,5.32,1.9,Four-Seam,"hsla(321, 100%, 41%, 1)",L,,,,,,,,,Miguel De La Cruz Segura
123,4,Top,Rafi Vazquez,Joseph Rosa,1,0,,fly out to center field,0,FALSE,FALSE,FALSE,Jan-00,1,0,2,624166,,R,S,,IF,5.65,4/30/2025 23:46,91.34,2453,1:15,14.09,11,-5.87,-1.2,-0.21,1.64,5.33,1.82,Four-Seam,"hsla(321, 100%, 41%, 1)",L,,,,,,,,,Miguel De La Cruz Segura
124,4,Top,Rafi Vazquez,JJ Matijevic,0,0,Ball,,1,FALSE,FALSE,FALSE,Jan-00,1,0,3,624166,,R,L,,IF,5.47,4/30/2025 23:46,92.6,2356,1:45,10.93,11.71,-6.27,-1.43,-0.46,1.46,5.37,1.86,Sinker,"hsla(321, 100%, 41%, 1)",L,,,,,,,,,Miguel De La Cruz Segura
125,4,Top,Rafi Vazquez,JJ Matijevic,1,0,Ball,,1,FALSE,FALSE,FALSE,Jan-00,1,0,4,624166,,R,L,,IF,5.48,4/30/2025 23:46,92.78,2419,2:00,9.05,12.87,-5.59,0.26,1.22,2.18,5.29,2.05,Sinker,"hsla(321, 100%, 41%, 1)",L,,,,,,,,,Miguel De La Cruz Segura
126,4,Top,Rafi Vazquez,JJ Matijevic,2,0,Foul,,1,FALSE,FALSE,FALSE,Jan-00,1,0,5,624166,,R,L,,IF,5.44,4/30/2025 23:47,91.74,2401,1:30,15.67,13.05,-5.32,-0.46,0.47,2.03,5.32,1.98,Four-Seam,"hsla(321, 100%, 41%, 1)",L,,,,,,,,,Miguel De La Cruz Segura
127,4,Top,Rafi Vazquez,JJ Matijevic,2,1,Called Strike,,1,FALSE,FALSE,FALSE,Jan-00,1,0,6,624166,,R,L,,IF,5.73,4/30/2025 23:47,93.63,2428,2:15,6.27,11.37,-5.52,0.06,0.99,2.41,5.27,1.88,Sinker,"hsla(24, 91%, 60%,1)",L,,,,,,,,,Miguel De La Cruz Segura
128,4,Top,Rafi Vazquez,JJ Matijevic,2,2,Swinging Strike,strike out,1,FALSE,FALSE,FALSE,Jan-00,1,0,7,624166,,R,L,,IF,5.11,4/30/2025 23:47,85.54,2531,7:45,-0.42,-2.16,-8.08,-1.63,0.63,1.12,5.21,1.99,Slider,"hsla(49, 100%, 44%,1)",L,,,,,,,,,Miguel De La Cruz Segura
129,4,Top,Rafi Vazquez,James Nelson,0,0,Called Strike,,2,FALSE,FALSE,FALSE,Jan-00,1,0,8,624166,,R,R,,IF,5.71,4/30/2025 23:48,92.62,2432,1:30,11.49,11.57,-5.24,-1.5,-0.51,2.51,5.44,1.86,Sinker,"hsla(321, 100%, 41%, 1)",R,,,,,,,,,Miguel De La Cruz Segura
130,4,Top,Rafi Vazquez,James Nelson,0,1,,single,2,FALSE,FALSE,FALSE,Jan-00,1,0,9,624166,,R,R,,IF,5.04,4/30/2025 23:48,88.06,2433,7:30,-1.47,-2.46,-7.78,-2.33,-0.2,1.39,5.3,1.79,Slider,"hsla(49, 100%, 44%,1)",R,,,,,,,,,Miguel De La Cruz Segura
131,4,Top,Rafi Vazquez,Bobby Bradley,0,0,,fly out to left field,2,TRUE,FALSE,FALSE,Jan-00,1,0,10,624166,,R,L,,IF,5.69,4/30/2025 23:49,93.52,2471,1:30,12.43,12.48,-5.48,-0.6,0.29,2.02,5.33,1.89,Four-Seam,"hsla(321, 100%, 41%, 1)",L,,,,,,,,,Miguel De La Cruz Segura
132,4,Bottom,Jamison Hill,Brett Barrera,0,0,Called Strike,,0,FALSE,FALSE,FALSE,Jan-00,1,0,53,624166,,R,R,Jun-00,3B,6.01,4/30/2025 23:51,89.96,2153,12:45,18.75,8.31,-5.78,-0.28,0.03,2.29,6.17,0.98,Four-Seam,"hsla(321, 100%, 41%, 1)",R,,,,,,,,,Miguel De La Cruz Segura
133,4,Bottom,Jamison Hill,Brett Barrera,0,1,Swinging Strike,,0,FALSE,FALSE,FALSE,Jan-00,1,0,54,624166,,R,R,Jun-00,3B,5.71,4/30/2025 23:51,78.99,2746,6:45,-12.93,-6.18,-10.59,-2.08,-0.44,1.45,6.36,0.97,Curveball,"hsla(212, 97%, 62%,1)",R,,,,,,,,,Miguel De La Cruz Segura
134,4,Bottom,Jamison Hill,Brett Barrera,0,2,Called Strike,strike out,0,FALSE,FALSE,FALSE,Jan-00,1,0,55,624166,,R,R,Jun-00,3B,5.95,4/30/2025 23:52,91.83,2263,12:45,19.16,7.78,-4.83,-1.06,-0.81,3.12,6.28,0.83,Four-Seam,"hsla(321, 100%, 41%, 1)",R,,,,,,,,,Miguel De La Cruz Segura
135,4,Bottom,Jamison Hill,Gio Digiacomo,0,0,Ball,,1,FALSE,FALSE,FALSE,Jan-00,1,0,56,624166,,R,L,,OF,5.48,4/30/2025 23:52,77.67,2587,6:45,-15.04,-5.74,-8.37,0.25,1.57,3.83,6.31,0.85,Curveball,"hsla(212, 97%, 62%,1)",L,,,,,,,,,Miguel De La Cruz Segura
136,4,Bottom,Jamison Hill,Gio Digiacomo,1,0,Ball,,1,FALSE,FALSE,FALSE,Jan-00,1,0,57,624166,,R,L,,OF,5.67,4/30/2025 23:53,84.11,2469,8:30,-0.66,-6.85,-6.2,-2.2,-0.32,4.01,6.31,1.16,Slider,"hsla(49, 100%, 44%,1)",L,,,,,,,,,Miguel De La Cruz Segura
137,4,Bottom,Jamison Hill,Gio Digiacomo,2,0,,single,1,FALSE,FALSE,FALSE,Jan-00,1,0,58,624166,,R,L,,OF,6.18,4/30/2025 23:53,90.99,2086,12:45,17.92,7.75,-5.99,-1.41,-0.98,1.99,6.09,0.97,Four-Seam,"hsla(321, 100%, 41%, 1)",L,,,,,,,,,Miguel De La Cruz Segura
138,4,Bottom,Jamison Hill,Sam Dexter,0,0,Ball,,1,TRUE,FALSE,FALSE,Jan-00,1,0,59,624166,,R,R,11-May,SS,12.28,4/30/2025 23:54,184.18,4735,1:45,33.68,22.04,-13.99,-0.48,-0.45,2.48,6.22,0.92,Four-Seam,"hsla(321, 100%, 41%, 1)",R,,,,,,,,,Miguel De La Cruz Segura
139,4,Bottom,Jamison Hill,Sam Dexter,1,0,Ball,,1,TRUE,FALSE,FALSE,Jan-00,1,0,60,624166,,R,R,11-May,SS,6.16,4/30/2025 23:54,91.12,2331,12:45,19.77,8.53,-6.72,-0.75,-0.38,1.28,6.2,1.03,Four-Seam,"hsla(321, 100%, 41%, 1)",R,,,,,,,,,Miguel De La Cruz Segura
140,4,Bottom,Jamison Hill,Sam Dexter,2,0,Foul,,1,TRUE,FALSE,FALSE,Jan-00,1,0,61,624166,,R,R,11-May,SS,6.38,4/30/2025 23:54,91.24,2313,1:15,14.94,10.59,-5.99,0.84,1,2.25,6.11,1.12,Four-Seam,"hsla(321, 100%, 41%, 1)",R,,,,,,,,,Miguel De La Cruz Segura
141,4,Bottom,Jamison Hill,Sam Dexter,2,1,,fly out,1,TRUE,FALSE,FALSE,Jan-00,1,0,62,624166,,R,R,11-May,SS,5.65,4/30/2025 23:55,87.65,2632,11:00,3.25,-1.1,-6.79,-1.03,0.17,2.92,6.25,1.04,Slider,"hsla(14, 88%, 30%,1)",R,,,,,,,,,Miguel De La Cruz Segura
143,5,Top,Rafi Vazquez,Travis Demeritte,0,0,,single,0,FALSE,FALSE,FALSE,Jan-00,1,0,11,624166,,R,R,,IF,5.78,4/30/2025 23:58,90.6,2414,1:15,14.11,9.5,-5.17,-1.1,-0.13,2.51,5.47,1.69,Four-Seam,"hsla(321, 100%, 41%, 1)",R,,,,,,,,,Miguel De La Cruz Segura
144,5,Top,Rafi Vazquez,Zach Daniels,0,0,Called Strike,,0,TRUE,FALSE,FALSE,Jan-00,1,0,12,624166,,R,R,,OF,5.09,4/30/2025 23:58,82.72,2509,8:30,-1.45,-8.96,-7.82,-2.57,0.13,1.86,5.4,1.8,Slider,"hsla(49, 100%, 44%,1)",R,,,,,,,,,Miguel De La Cruz Segura
145,5,Top,Rafi Vazquez,Zach Daniels,0,1,Foul,,0,TRUE,FALSE,FALSE,Jan-00,1,0,13,624166,,R,R,,OF,5.78,4/30/2025 23:59,91.8,2458,1:15,14.15,11.26,-5.35,-0.42,0.39,2.24,5.43,1.72,Four-Seam,"hsla(321, 100%, 41%, 1)",R,,,,,,,,,Miguel De La Cruz Segura
146,5,Top,Rafi Vazquez,Zach Daniels,0,2,Ball,,0,TRUE,FALSE,FALSE,Jan-00,1,0,14,624166,,R,R,,OF,5.04,4/30/2025 23:59,85.42,2579,8:00,-3.41,-9.6,-9.27,-2.94,-0.14,0.4,5.36,1.83,Slider,"hsla(49, 100%, 44%,1)",R,,,,,,,,,Miguel De La Cruz Segura
147,5,Top,Rafi Vazquez,Zach Daniels,1,2,Ball,,0,FALSE,TRUE,FALSE,Jan-00,1,0,15,624166,,R,R,,OF,5.59,5/1/2025 0:00,92.33,2529,1:30,14.63,12.58,-5.19,1.22,1.77,2.34,5.44,1.68,Four-Seam,"hsla(321, 100%, 41%, 1)",R,,,,,,,,,Miguel De La Cruz Segura
148,5,Top,Rafi Vazquez,Zach Daniels,2,2,Foul,,0,FALSE,TRUE,FALSE,Jan-00,1,0,16,624166,,R,R,,OF,5.8,5/1/2025 0:00,92.89,2479,1:15,15.05,10.62,-4.14,-0.29,0.56,3.27,5.46,1.72,Four-Seam,"hsla(321, 100%, 41%, 1)",R,,,,,,,,,Miguel De La Cruz Segura
149,5,Top,Rafi Vazquez,Zach Daniels,2,2,,single,0,FALSE,TRUE,FALSE,Jan-00,1,0,17,624166,,R,R,,OF,5.08,5/1/2025 0:00,86.07,2586,8:15,-2.45,-9.22,-7.96,-3,-0.45,1.51,5.38,1.61,Slider,"hsla(49, 100%, 44%,1)",R,,,,,,,,,Miguel De La Cruz Segura
150,5,Top,Rafi Vazquez,Ariel Pestano Jr.,0,0,Ball,,0,TRUE,FALSE,TRUE,Jan-00,1,0,18,624166,,R,R,,C,5.69,5/1/2025 0:01,92.54,2414,1:15,13.87,9.02,-3.1,-0.37,0.86,4.27,5.41,1.95,Four-Seam,"hsla(321, 100%, 41%, 1)",L,,,,,,,,,Miguel De La Cruz Segura
151,5,Top,Rafi Vazquez,Ariel Pestano Jr.,1,0,Foul,,0,FALSE,TRUE,FALSE,Jan-00,1,0,19,624166,,R,R,,C,5.82,5/1/2025 0:02,91.04,2408,1:15,12.06,8.96,-4.56,-0.27,0.76,3.09,5.36,1.75,Four-Seam,"hsla(321, 100%, 41%, 1)",L,,,,,,,,,Miguel De La Cruz Segura
152,5,Top,Rafi Vazquez,Ariel Pestano Jr.,1,1,Ball,,0,FALSE,TRUE,FALSE,Jan-00,1,0,20,624166,,R,R,,C,5.75,5/1/2025 0:02,92.04,2371,1:30,11.24,9.92,-4.58,0.19,1.19,3.03,5.33,1.83,Four-Seam,"hsla(321, 100%, 41%, 1)",L,,,,,,,,,Miguel De La Cruz Segura
153,5,Top,Rafi Vazquez,Ariel Pestano Jr.,2,1,Ball,,0,FALSE,TRUE,FALSE,Jan-00,1,0,21,624166,,R,R,,C,5.81,5/1/2025 0:02,92.37,2370,1:00,13.61,8.36,-3.47,-0.26,0.88,3.85,5.33,1.81,Four-Seam,"hsla(321, 100%, 41%, 1)",L,,,,,,,,,Miguel De La Cruz Segura
154,5,Top,Rafi Vazquez,Ariel Pestano Jr.,3,1,,double,0,FALSE,TRUE,FALSE,Jan-00,1,0,22,624166,,R,R,,C,5.72,5/1/2025 0:03,92.32,2380,1:00,14.39,7.76,-5.15,-0.78,0.29,2.28,5.37,1.67,Four-Seam,"hsla(321, 100%, 41%, 1)",L,,,,,,,,,Miguel De La Cruz Segura
155,5,Top,Rafi Vazquez,Benjamin Blackwell,0,0,Ball,,0,FALSE,TRUE,FALSE,Jan-00,1,0,23,624166,,R,R,,IF,5.06,5/1/2025 0:04,83.81,2519,8:45,0.12,-13.76,-7.36,-4.05,-0.93,2.06,5.39,1.75,Slider,"hsla(49, 100%, 44%,1)",R,,,,,,,,,Miguel De La Cruz Segura
156,5,Top,Rafi Vazquez,Benjamin Blackwell,1,0,Ball,,0,FALSE,TRUE,FALSE,Jan-00,1,0,24,624166,,R,R,,IF,5.64,5/1/2025 0:04,91.29,2315,1:15,12.83,10.09,-6.25,0.36,1.2,1.51,5.43,1.71,Four-Seam,"hsla(321, 100%, 41%, 1)",R,,,,,,,,,Miguel De La Cruz Segura
157,5,Top,Rafi Vazquez,Benjamin Blackwell,2,0,,fly out to right field,0,FALSE,FALSE,TRUE,Jan-00,1,0,25,624166,,R,R,,IF,5.7,5/1/2025 0:05,92.07,2357,1:15,14.99,9.85,-4.54,-1.07,-0.12,2.84,5.38,1.69,Four-Seam,"hsla(321, 100%, 41%, 1)",R,,,,,,,,,Miguel De La Cruz Segura
158,5,Top,Rafi Vazquez,Jonathan Soto,0,0,Swinging Strike,,1,FALSE,FALSE,TRUE,Jan-00,1,0,26,624166,,R,R,,C,5.88,5/1/2025 0:05,91.05,2392,1:15,13.88,10.07,-4.23,-0.65,0.17,3.35,5.45,1.62,Four-Seam,"hsla(321, 100%, 41%, 1)",L,,,,,,,,,Miguel De La Cruz Segura
159,5,Top,Rafi Vazquez,Jonathan Soto,0,1,Ball,,1,FALSE,FALSE,TRUE,Jan-00,1,0,27,624166,,R,R,,C,5.19,5/1/2025 0:06,83.54,2481,8:15,-2.35,-7.13,-8.58,-3.83,-1.41,1.01,5.4,1.6,Slider,"hsla(49, 100%, 44%,1)",L,,,,,,,,,Miguel De La Cruz Segura
160,5,Top,Rafi Vazquez,Jonathan Soto,1,1,Ball,,1,FALSE,FALSE,TRUE,Jan-00,1,0,28,624166,,R,R,,C,6.15,5/1/2025 0:06,90.51,2451,1:00,11.7,6.46,-5.98,-2.46,-1.19,1.89,5.43,1.63,Four-Seam,"hsla(321, 100%, 41%, 1)",L,,,,,,,,,Miguel De La Cruz Segura
161,5,Top,Rafi Vazquez,Jonathan Soto,2,1,Foul,,1,FALSE,FALSE,TRUE,Jan-00,1,0,29,624166,,R,R,,C,5.75,5/1/2025 0:06,91.88,2338,1:00,12.84,7.42,-4.24,-0.79,0.26,3.31,5.41,1.61,Four-Seam,"hsla(321, 100%, 41%, 1)",L,,,,,,,,,Miguel De La Cruz Segura
162,5,Top,Rafi Vazquez,Jonathan Soto,2,2,Called Strike,strike out,1,FALSE,FALSE,TRUE,Jan-00,1,0,30,624166,,R,R,,C,5.57,5/1/2025 0:07,92.69,2375,1:15,13.5,10.56,-5.4,-0.47,0.26,2.22,5.46,1.59,Four-Seam,"hsla(321, 100%, 41%, 1)",L,,,,,,,,,Miguel De La Cruz Segura
163,5,Top,Rafi Vazquez,Joseph Rosa,0,0,Ball,,2,FALSE,FALSE,TRUE,Jan-00,1,0,31,624166,,R,S,,IF,5.98,5/1/2025 0:07,93.02,2423,1:00,13.49,6.94,-4.6,-2.58,-1.15,2.82,5.35,1.83,Four-Seam,"hsla(321, 100%, 41%, 1)",L,,,,,,,,,Miguel De La Cruz Segura
164,5,Top,Rafi Vazquez,Joseph Rosa,1,0,Foul,,2,FALSE,FALSE,TRUE,Jan-00,1,0,32,624166,,R,S,,IF,5.58,5/1/2025 0:08,93.38,2436,1:15,14.14,11.04,-5.62,-0.4,0.56,1.84,5.36,1.85,Four-Seam,"hsla(321, 100%, 41%, 1)",L,,,,,,,,,Miguel De La Cruz Segura
165,5,Top,Rafi Vazquez,Joseph Rosa,1,1,,fly out,2,FALSE,FALSE,TRUE,Jan-00,1,0,33,624166,,R,S,,IF,5.66,5/1/2025 0:08,93.45,2360,1:30,12.2,12.11,-5.66,0.05,0.81,1.97,5.39,1.76,Four-Seam,"hsla(321, 100%, 41%, 1)",L,,,,,,,,,Miguel De La Cruz Segura
188,5,Bottom,Nick Del Prado,Pearce Howard,0,0,Called Strike,,2,TRUE,FALSE,TRUE,Jan-00,1,0,23,624166,,R,L,3-Jun,OF,5.4,5/1/2025 0:24,90.63,2084,12:00,19.99,0.89,-5.72,0.21,0.49,2.57,6.48,0.37,Four-Seam,"hsla(321, 100%, 41%, 1)",,,,,,,,,,Miguel De La Cruz Segura
189,5,Bottom,Nick Del Prado,Pearce Howard,0,1,Swinging Strike,,2,TRUE,FALSE,TRUE,Jan-00,1,0,24,624166,,R,L,3-Jun,OF,5.55,5/1/2025 0:24,83.83,1911,12:30,20.24,5.61,-5.54,-1.04,-0.91,3.16,6.36,0.53,ChangeUp,"hsla(321, 100%, 41%, 1)",,,,,,,,,,Miguel De La Cruz Segura
190,5,Bottom,Nick Del Prado,Pearce Howard,0,2,Ball,,2,TRUE,FALSE,TRUE,Jan-00,1,0,25,624166,,R,L,3-Jun,OF,5.31,5/1/2025 0:24,94.9,2268,12:00,22.31,0.79,-3.98,1.02,1.21,3.88,6.59,0.32,Four-Seam,"hsla(321, 100%, 41%, 1)",,,,,,,,,,Miguel De La Cruz Segura
191,5,Bottom,Nick Del Prado,Pearce Howard,1,2,,single,2,TRUE,FALSE,TRUE,Jan-00,1,0,26,624166,,R,L,3-Jun,OF,5.19,5/1/2025 0:25,83.75,2206,8:15,0.2,-2.97,-7.95,-1.09,-0.28,2.49,6.4,0.5,Slider,"hsla(49, 100%, 44%,1)",,,,,,,,,,Miguel De La Cruz Segura
192,5,Bottom,Nick Del Prado,Brett Barrera,0,0,Ball,,2,TRUE,FALSE,TRUE,Jan-00,1,0,27,624166,,R,R,Jun-00,3B,5.63,5/1/2025 0:26,93.12,2096,12:30,17.39,4.77,-7.32,0.43,0.04,1.13,6.48,0.04,Four-Seam,"hsla(321, 100%, 41%, 1)",,,,,,,,,,Miguel De La Cruz Segura
193,5,Bottom,Nick Del Prado,Brett Barrera,1,0,,fly out to the third baseman,2,TRUE,FALSE,TRUE,Jan-00,1,0,28,624166,,R,R,Jun-00,3B,5.49,5/1/2025 0:26,93.46,2207,12:45,15.6,5.92,-5.55,1.05,0.61,2.86,6.43,0.12,Four-Seam,"hsla(321, 100%, 41%, 1)",,,,,,,,,,Miguel De La Cruz Segura
194,6,Top,Jalen Miller,JJ Matijevic,0,0,,fly out to center field,0,FALSE,FALSE,FALSE,Jan-00,1,0,1,624166,,R,L,,IF,5.57,5/1/2025 0:29,90.65,2306,12:15,22.55,3.82,-4.36,-1.45,-0.55,3.16,5.98,1.13,Four-Seam,"hsla(321, 100%, 41%, 1)",L,,,,,,,,,Miguel De La Cruz Segura
195,6,Top,Jalen Miller,James Nelson,0,0,Called Strike,,1,FALSE,FALSE,FALSE,Jan-00,1,0,2,624166,,R,R,,IF,5.56,5/1/2025 0:30,92.16,2454,12:15,19.56,2.68,-5.19,-0.91,-0.24,2.39,5.87,0.83,Four-Seam,"hsla(321, 100%, 41%, 1)",R,,,,,,,,,Miguel De La Cruz Segura
196,6,Top,Jalen Miller,James Nelson,0,1,Foul,,1,FALSE,FALSE,FALSE,Jan-00,1,0,3,624166,,R,R,,IF,5.58,5/1/2025 0:30,82.4,2543,1:45,14.69,15.89,-5.92,1.16,0.8,2.79,5.82,1.04,ChangeUp,"hsla(188, 100%, 27%, 1)",R,,,,,,,,,Miguel De La Cruz Segura
197,6,Top,Jalen Miller,James Nelson,0,2,,single,1,FALSE,FALSE,FALSE,Jan-00,1,0,4,624166,,R,R,,IF,5.05,5/1/2025 0:30,77.36,2265,6:45,-4.78,-2.22,-8.06,-2.03,-0.54,3.03,5.97,1.19,Curveball,"hsla(49, 100%, 44%,1)",R,,,,,,,,,Miguel De La Cruz Segura
198,6,Top,Jalen Miller,Bobby Bradley,0,0,Ball,,1,TRUE,FALSE,FALSE,Jan-00,1,0,5,624166,,R,L,,IF,5.71,5/1/2025 0:31,90.52,2364,12:45,22.73,8.63,-4.74,-1.55,-1.04,2.69,5.91,1.12,Four-Seam,"hsla(321, 100%, 41%, 1)",L,,,,,,,,,Miguel De La Cruz Segura
199,6,Top,Jalen Miller,Bobby Bradley,1,0,Ball,,1,TRUE,FALSE,FALSE,Jan-00,1,0,6,624166,,R,L,,IF,5.52,5/1/2025 0:32,78.8,2377,1:45,16.4,19.07,-5.95,2.57,2.35,3.04,5.86,1.54,ChangeUp,"hsla(188, 100%, 27%, 1)",L,,,,,,,,,Miguel De La Cruz Segura
200,6,Top,Jalen Miller,Bobby Bradley,2,0,Foul,,1,TRUE,FALSE,FALSE,Jan-00,1,0,7,624166,,R,L,,IF,5.44,5/1/2025 0:32,90.19,2369,12:45,22.92,9.45,-4.75,0.23,0.48,2.78,5.99,1.05,Four-Seam,"hsla(321, 100%, 41%, 1)",L,,,,,,,,,Miguel De La Cruz Segura
201,6,Top,Jalen Miller,Bobby Bradley,2,1,Ball,,1,TRUE,FALSE,FALSE,Jan-00,1,0,8,624166,,R,L,,IF,5.56,5/1/2025 0:32,91.04,2375,12:45,22.01,8.61,-2.84,-0.37,-0.29,4.61,6.01,0.78,Four-Seam,"hsla(321, 100%, 41%, 1)",L,,,,,,,,,Miguel De La Cruz Segura
202,6,Top,Jalen Miller,Bobby Bradley,3,1,Swinging Strike,,1,TRUE,FALSE,FALSE,Jan-00,1,0,9,624166,,R,L,,IF,5.94,5/1/2025 0:33,80.15,2337,1:15,18.77,14.47,-6.35,0.07,0.07,2.13,5.69,1.21,ChangeUp,"hsla(188, 100%, 27%, 1)",L,,,,,,,,,Miguel De La Cruz Segura
203,6,Top,Jalen Miller,Bobby Bradley,3,2,Foul,,1,TRUE,FALSE,FALSE,Jan-00,1,0,10,624166,,R,L,,IF,5.95,5/1/2025 0:33,80.93,2419,1:15,19.63,15.49,-7.02,0.98,0.8,1.5,5.85,1.18,ChangeUp,"hsla(188, 100%, 27%, 1)",L,,,,,,,,,Miguel De La Cruz Segura
204,6,Top,Jalen Miller,Bobby Bradley,3,2,Foul,,1,TRUE,FALSE,FALSE,Jan-00,1,0,11,624166,,R,L,,IF,5.8,5/1/2025 0:33,90.01,2299,12:45,23.43,7.89,-3.56,-0.85,-0.44,3.67,5.78,1,Four-Seam,"hsla(321, 100%, 41%, 1)",L,,,,,,,,,Miguel De La Cruz Segura
205,6,Top,Jalen Miller,Bobby Bradley,3,2,Swinging Strike,strike out,1,FALSE,TRUE,FALSE,Jan-00,1,0,12,624166,,R,L,,IF,5.84,5/1/2025 0:34,79.12,2408,1:15,17.12,12.53,-7.49,-0.13,0.04,1.35,5.74,1.2,ChangeUp,"hsla(188, 100%, 27%, 1)",L,,,,,,,,,Miguel De La Cruz Segura
206,6,Top,Jalen Miller,Travis Demeritte,0,0,Ball,,2,FALSE,TRUE,FALSE,Jan-00,1,0,13,624166,,R,R,,IF,,,,,,,,,,,,,,,,,,,,,,,,,Miguel De La Cruz Segura
207,6,Top,Jalen Miller,Travis Demeritte,1,0,Ball,,2,FALSE,TRUE,FALSE,Jan-00,1,0,14,624166,,R,R,,IF,,,,,,,,,,,,,,,,,,,,,,,,,Miguel De La Cruz Segura
208,6,Top,Jalen Miller,Travis Demeritte,2,0,Foul,,2,FALSE,TRUE,FALSE,Jan-00,1,0,15,624166,,R,R,,IF,,,,,,,,,,,,,,,,,,,,,,,,,Miguel De La Cruz Segura
209,6,Top,Jalen Miller,Travis Demeritte,2,1,Foul,,2,FALSE,TRUE,FALSE,Jan-00,1,0,16,624166,,R,R,,IF,,,,,,,,,,,,,,,,,,,,,,,,,Miguel De La Cruz Segura
210,6,Top,Jalen Miller,Travis Demeritte,2,2,Ball,,2,FALSE,TRUE,FALSE,Jan-00,1,0,17,624166,,R,R,,IF,,,,,,,,,,,,,,,,,,,,,,,,,Miguel De La Cruz Segura
211,6,Top,Jalen Miller,Travis Demeritte,3,2,,single,2,FALSE,TRUE,FALSE,Jan-00,1,0,18,624166,,R,R,,IF,,,,,,,,,,,,,,,,,,,,,,,,,Miguel De La Cruz Segura
213,6,Bottom,Nick Del Prado,Gio Digiacomo,0,0,Ball,,0,FALSE,FALSE,FALSE,Jan-00,1,0,29,624166,,R,L,,OF,5.66,5/1/2025 0:39,91.59,2091,12:30,20.24,4.96,-4.78,-0.56,-0.78,3.44,6.6,0.15,Four-Seam,"hsla(321, 100%, 41%, 1)",,,,,,,,,,Miguel De La Cruz Segura
214,6,Bottom,Nick Del Prado,Gio Digiacomo,1,0,Foul,,0,FALSE,FALSE,FALSE,Jan-00,1,0,30,624166,,R,L,,OF,5.48,5/1/2025 0:39,92.12,2175,12:00,21.54,-1.27,-5.28,-0.94,-0.74,2.85,6.6,0.04,Four-Seam,"hsla(321, 100%, 41%, 1)",,,,,,,,,,Miguel De La Cruz Segura
215,6,Bottom,Nick Del Prado,Gio Digiacomo,1,1,Ball,,0,FALSE,FALSE,FALSE,Jan-00,1,0,31,624166,,R,L,,OF,5.64,5/1/2025 0:40,83.82,1967,1:30,16.03,14.4,-6.1,2.5,1.53,2.82,6.31,0.4,ChangeUp,"hsla(79, 100%, 32%,1)",,,,,,,,,,Miguel De La Cruz Segura
216,6,Bottom,Nick Del Prado,Gio Digiacomo,2,1,Called Strike,,0,FALSE,FALSE,FALSE,Jan-00,1,0,32,624166,,R,L,,OF,5.51,5/1/2025 0:40,92.05,2015,12:30,18.65,3.86,-5.05,0.88,0.6,3.18,6.48,0.09,Four-Seam,"hsla(321, 100%, 41%, 1)",,,,,,,,,,Miguel De La Cruz Segura
217,6,Bottom,Nick Del Prado,Gio Digiacomo,2,2,Ball,,0,FALSE,FALSE,FALSE,Jan-00,1,0,33,624166,,R,L,,OF,5.5,5/1/2025 0:40,92.64,2092,12:30,20.96,4.04,-3,1.3,1.17,4.9,6.53,0.29,Four-Seam,"hsla(321, 100%, 41%, 1)",,,,,,,,,,Miguel De La Cruz Segura
218,6,Bottom,Nick Del Prado,Gio Digiacomo,3,2,Called Strike,strike out,0,FALSE,FALSE,FALSE,Jan-00,1,0,34,624166,,R,L,,OF,5.38,5/1/2025 0:41,83.7,2067,7:00,-3.62,-3.2,-8.67,-1.44,-0.72,2.09,6.35,0.37,Slider,"hsla(49, 100%, 44%,1)",,,,,,,,,,Miguel De La Cruz Segura
219,6,Bottom,Nick Del Prado,Sam Dexter,0,0,Called Strike,,1,FALSE,FALSE,FALSE,Jan-00,1,0,35,624166,,R,R,11-May,SS,5.06,5/1/2025 0:41,83.54,1987,7:00,-4.17,-2.8,-7.73,-0.27,0.33,3.16,6.44,0.34,Slider,"hsla(49, 100%, 44%,1)",,,,,,,,,,Miguel De La Cruz Segura
220,6,Bottom,Nick Del Prado,Sam Dexter,0,1,Swinging Strike,,1,FALSE,FALSE,FALSE,Jan-00,1,0,36,624166,,R,R,11-May,SS,5.72,5/1/2025 0:42,93.19,2158,12:15,19.09,2.25,-3.78,-0.59,-0.81,4.29,6.54,-0.08,Four-Seam,"hsla(321, 100%, 41%, 1)",,,,,,,,,,Miguel De La Cruz Segura
221,6,Bottom,Nick Del Prado,Sam Dexter,0,2,Swinging Strike,strike out,1,FALSE,FALSE,FALSE,Jan-00,1,0,37,624166,,R,R,11-May,SS,5.64,5/1/2025 0:42,95.55,2128,1:00,17.95,8.98,-4.68,0.33,-0.54,3.55,6.67,-0.1,Four-Seam,"hsla(321, 100%, 41%, 1)",,,,,,,,,,Miguel De La Cruz Segura
222,6,Bottom,Nick Del Prado,Dwight Childs,0,0,Called Strike,,2,FALSE,FALSE,FALSE,Jan-00,1,0,38,624166,,R,R,,C,5.62,5/1/2025 0:42,93.1,2051,12:30,22.29,7.17,-5.71,0.47,-0.39,2.15,6.46,-0.23,Four-Seam,"hsla(321, 100%, 41%, 1)",,,,,,,,,,Miguel De La Cruz Segura
223,6,Bottom,Nick Del Prado,Dwight Childs,0,1,,fly out to left field,2,FALSE,FALSE,FALSE,Jan-00,1,0,39,624166,,R,R,,C,5.6,5/1/2025 0:43,93.92,2094,12:30,22.46,5.32,-4.9,0.24,-0.39,3.09,6.69,-0.17,Four-Seam,"hsla(321, 100%, 41%, 1)",,,,,,,,,,Miguel De La Cruz Segura
224,7,Top,Jalen Miller,Zach Daniels,0,0,Ball,,0,FALSE,FALSE,FALSE,Jan-00,1,0,20,624166,,R,R,,OF,4.98,5/1/2025 0:46,76.61,2268,8:45,1.36,-3.9,-6.85,-2.67,-0.79,3.94,6.02,1.4,Slider,"hsla(49, 100%, 44%,1)",R,,,,,,,,,Miguel De La Cruz Segura
225,7,Top,Jalen Miller,Zach Daniels,1,0,Swinging Strike,,0,FALSE,FALSE,FALSE,Jan-00,1,0,21,624166,,R,R,,OF,5.57,5/1/2025 0:46,90.56,2297,1:15,20.24,12.78,-4.25,0.5,0.77,3.47,5.94,1.36,Four-Seam,"hsla(321, 100%, 41%, 1)",R,,,,,,,,,Miguel De La Cruz Segura
226,7,Top,Jalen Miller,Zach Daniels,1,1,,fly out to right field,0,FALSE,FALSE,FALSE,Jan-00,1,0,22,624166,,R,R,,OF,5.42,5/1/2025 0:46,91.07,2308,1:00,19.84,10.32,-5.06,-0.29,0.04,2.75,5.96,1.17,Four-Seam,"hsla(321, 100%, 41%, 1)",R,,,,,,,,,Miguel De La Cruz Segura
227,7,Top,Jalen Miller,Ariel Pestano Jr.,0,0,Ball,,1,FALSE,FALSE,FALSE,Jan-00,1,0,23,624166,,R,R,,C,5.93,5/1/2025 0:47,81.35,2342,1:30,18.45,15.36,-7.14,-0.46,-0.25,1.4,5.72,1.45,ChangeUp,"hsla(188, 100%, 27%, 1)",L,,,,,,,,,Miguel De La Cruz Segura
228,7,Top,Jalen Miller,Ariel Pestano Jr.,1,0,,fly out,1,FALSE,FALSE,FALSE,Jan-00,1,0,24,624166,,R,R,,C,5.83,5/1/2025 0:47,78.99,2287,1:00,18.96,11.04,-6.68,-0.41,0.24,2.11,5.82,1.54,ChangeUp,"hsla(188, 100%, 27%, 1)",L,,,,,,,,,Miguel De La Cruz Segura
229,7,Top,Jalen Miller,Benjamin Blackwell,0,0,Ball,,2,FALSE,FALSE,FALSE,Jan-00,1,0,25,624166,,R,R,,IF,5.59,5/1/2025 0:48,89.01,2296,12:45,20.06,7.85,-5.18,1.32,1.82,2.6,5.89,1.24,Four-Seam,"hsla(321, 100%, 41%, 1)",R,,,,,,,,,Miguel De La Cruz Segura
230,7,Top,Jalen Miller,Benjamin Blackwell,1,0,Swinging Strike,,2,FALSE,FALSE,FALSE,Jan-00,1,0,26,624166,,R,R,,IF,5.58,5/1/2025 0:48,89.68,2080,12:30,22.22,5.66,-5.79,-0.37,0.44,1.8,5.92,1.25,Four-Seam,"hsla(321, 100%, 41%, 1)",R,,,,,,,,,Miguel De La Cruz Segura
231,7,Top,Jalen Miller,Benjamin Blackwell,1,1,Ball,,2,FALSE,FALSE,FALSE,Jan-00,1,0,27,624166,,R,R,,IF,5.24,5/1/2025 0:48,77.3,2141,7:00,-0.91,-1.62,-8.86,-2.99,-1.3,1.78,5.84,1.38,Curveball,"hsla(49, 100%, 44%,1)",R,,,,,,,,,Miguel De La Cruz Segura
232,7,Top,Jalen Miller,Benjamin Blackwell,2,1,,triple,2,FALSE,FALSE,FALSE,Jan-00,1,0,28,624166,,R,R,,IF,5.46,5/1/2025 0:49,89.13,2248,12:30,21.27,4.81,-5.2,0.2,0.52,2.6,6.02,0.73,Four-Seam,"hsla(321, 100%, 41%, 1)",R,,,,,,,,,Miguel De La Cruz Segura
233,7,Top,Jalen Miller,Jonathan Soto,0,0,Foul,,2,FALSE,FALSE,TRUE,Jan-00,1,0,29,624166,,R,R,,C,5.59,5/1/2025 0:49,89.73,2146,1:00,18.58,8.48,-5.77,0.22,0.36,2.08,5.78,0.86,Four-Seam,"hsla(321, 100%, 41%, 1)",L,,,,,,,,,Miguel De La Cruz Segura
234,7,Top,Jalen Miller,Jonathan Soto,0,1,Swinging Strike,,2,FALSE,FALSE,TRUE,Jan-00,1,0,30,624166,,R,R,,C,5.8,5/1/2025 0:50,79.89,2323,1:30,16.35,15.74,-6.4,0,-0.13,2.55,5.8,1.18,ChangeUp,"hsla(188, 100%, 27%, 1)",L,,,,,,,,,Miguel De La Cruz Segura
235,7,Top,Jalen Miller,Jonathan Soto,0,2,,dropped 3rd strike: KS 2,2,FALSE,FALSE,TRUE,Jan-00,1,0,31,624166,,R,R,,C,5.98,5/1/2025 0:50,78.17,2492,2:15,10,19.39,-8.91,0.42,-0.14,0.81,5.79,1.09,ChangeUp,"hsla(188, 100%, 27%, 1)",L,,,,,,,,,Miguel De La Cruz Segura
236,7,Bottom,Nick Del Prado,Jackson Loftin,0,0,Ball,,0,FALSE,FALSE,FALSE,Jan-00,1,0,40,624166,,R,R,2-Jun,U,5.1,5/1/2025 0:52,82.74,2061,8:00,-0.49,-3.72,-7.43,-2.04,-1.43,3.25,6.47,0.18,Slider,"hsla(49, 100%, 44%,1)",,,,,,,,,,Miguel De La Cruz Segura
237,7,Bottom,Nick Del Prado,Jackson Loftin,1,0,,fly out to left field,0,FALSE,FALSE,FALSE,Jan-00,1,0,41,624166,,R,R,2-Jun,U,5.65,5/1/2025 0:53,91.37,1998,12:15,20.31,3.18,-5.73,0.95,0.64,2.52,6.56,0.01,Four-Seam,"hsla(321, 100%, 41%, 1)",,,,,,,,,,Miguel De La Cruz Segura
238,7,Bottom,Nick Del Prado,John Taylor,0,0,Ball,,1,FALSE,FALSE,FALSE,Jan-00,1,0,42,624166,,R,L,,2B,5.47,5/1/2025 0:53,92.25,1944,12:15,17.62,2.28,-4.24,-0.34,-0.44,4.18,6.63,0.07,Four-Seam,"hsla(321, 100%, 41%, 1)",,,,,,,,,,Miguel De La Cruz Segura
239,7,Bottom,Nick Del Prado,John Taylor,1,0,,single,1,FALSE,FALSE,FALSE,Jan-00,1,0,43,624166,,R,L,,2B,5.53,5/1/2025 0:53,92.51,2001,12:00,17.4,1.05,-5.54,0.02,0.07,2.84,6.52,0.14,Four-Seam,"hsla(321, 100%, 41%, 1)",,,,,,,,,,Miguel De La Cruz Segura
240,7,Bottom,Nick Del Prado,Ethan Wilson,0,0,Called Strike,,1,TRUE,FALSE,FALSE,Jan-00,1,0,44,624166,,R,L,,RF,5.72,5/1/2025 0:54,91.1,1904,12:15,18.78,2.92,-6.06,0.61,0.64,2.19,6.37,0.31,Four-Seam,"hsla(321, 100%, 41%, 1)",,,,,,,,,,Miguel De La Cruz Segura
241,7,Bottom,Nick Del Prado,Ethan Wilson,0,1,Ball,,1,TRUE,FALSE,FALSE,Jan-00,1,0,45,624166,,R,L,,RF,5.58,5/1/2025 0:54,92.38,2047,12:00,19.57,0.18,-5.26,1.42,1.45,2.88,6.47,0.14,Four-Seam,"hsla(321, 100%, 41%, 1)",,,,,,,,,,Miguel De La Cruz Segura
242,7,Bottom,Nick Del Prado,Ethan Wilson,1,1,Swinging Strike,,1,TRUE,FALSE,FALSE,Jan-00,1,0,46,624166,,R,L,,RF,5.85,5/1/2025 0:55,93.47,1928,12:30,18.27,5.72,-4.53,0.44,0.15,3.73,6.61,0.22,Four-Seam,"hsla(321, 100%, 41%, 1)",,,,,,,,,,Miguel De La Cruz Segura
243,7,Bottom,Nick Del Prado,Ethan Wilson,1,2,Swinging Strike,strike out,1,TRUE,FALSE,FALSE,Jan-00,1,0,47,624166,,R,L,,RF,5.75,5/1/2025 0:55,86.02,1782,1:00,17.81,9.96,-7.3,1.62,1.21,1.3,6.24,0.53,ChangeUp,"hsla(79, 100%, 32%,1)",,,,,,,,,,Miguel De La Cruz Segura
244,7,Bottom,Nick Del Prado,Alejandro De Aza,0,0,Called Strike,,2,TRUE,FALSE,FALSE,Jan-00,1,0,48,624166,,R,L,,U,5.78,5/1/2025 0:55,92.13,2010,1:00,14.89,7.85,-6.12,1.43,0.98,2.43,6.46,0.3,Four-Seam,"hsla(321, 100%, 41%, 1)",,,,,,,,,,Miguel De La Cruz Segura
245,7,Bottom,Nick Del Prado,Alejandro De Aza,0,1,Ball,,2,TRUE,FALSE,FALSE,Jan-00,1,0,49,624166,,R,L,,U,5.79,5/1/2025 0:56,86.81,1843,1:00,17.95,9.11,-9.07,1.95,1.48,-0.39,6.28,0.43,ChangeUp,"hsla(188, 100%, 27%, 1)",,,,,,,,,,Miguel De La Cruz Segura
246,7,Bottom,Nick Del Prado,Alejandro De Aza,1,1,Ball,,2,TRUE,FALSE,FALSE,Jan-00,1,0,50,624166,,R,L,,U,5.88,5/1/2025 0:56,92.55,2081,1:00,17.48,8.41,-6.81,-0.31,-0.86,1.58,6.5,0.13,Four-Seam,"hsla(321, 100%, 41%, 1)",,,,,,,,,,Miguel De La Cruz Segura
247,7,Bottom,Nick Del Prado,Alejandro De Aza,2,1,,double,2,TRUE,FALSE,FALSE,Jan-00,1,0,51,624166,,R,L,,U,5.58,5/1/2025 0:56,93.52,2077,1:00,18.11,9.75,-5.28,1.08,0.34,2.9,6.48,0.15,Four-Seam,"hsla(321, 100%, 41%, 1)",,,,,,,,,,Miguel De La Cruz Segura
248,7,Bottom,Nick Del Prado,Pearce Howard,0,0,Called Strike,,2,FALSE,TRUE,FALSE,Jan-00,1,0,52,624166,,R,L,3-Jun,OF,5.13,5/1/2025 0:57,82.85,2093,9:00,1.39,-3.86,-6.88,-0.98,0.02,3.41,6.36,0.63,Slider,"hsla(49, 100%, 44%,1)",,,,,,,,,,Miguel De La Cruz Segura
249,7,Bottom,Nick Del Prado,Pearce Howard,0,1,Swinging Strike,,2,FALSE,TRUE,FALSE,Jan-00,1,0,53,624166,,R,L,3-Jun,OF,5.6,5/1/2025 0:57,85.74,1839,1:15,17.62,12.91,-6.96,2.07,1.41,1.69,6.23,0.55,ChangeUp,"hsla(79, 100%, 32%,1)",,,,,,,,,,Miguel De La Cruz Segura
250,7,Bottom,Nick Del Prado,Pearce Howard,0,2,Ball,,2,FALSE,TRUE,FALSE,Jan-00,1,0,54,624166,,R,L,3-Jun,OF,5.57,5/1/2025 0:58,93.52,2128,12:30,17.64,5.61,-4.1,1.57,1.44,4.1,6.53,0.44,Four-Seam,"hsla(321, 100%, 41%, 1)",,,,,,,,,,Miguel De La Cruz Segura
251,7,Bottom,Nick Del Prado,Pearce Howard,1,2,Swinging Strike,strike out,2,FALSE,TRUE,FALSE,Jan-00,1,0,55,624166,,R,L,3-Jun,OF,5.73,5/1/2025 0:58,85.46,1772,1:00,17.83,8.38,-7.4,0.24,0.07,1.24,6.22,0.55,ChangeUp,"hsla(79, 100%, 32%,1)",,,,,,,,,,Miguel De La Cruz Segura
252,8,Top,Jalen Miller,Joseph Rosa,0,0,Called Strike,,0,FALSE,FALSE,FALSE,Jan-00,1,0,32,624166,,R,S,,IF,5.87,5/1/2025 1:00,78.02,2079,1:15,16.73,12.57,-6.03,0.33,0.72,2.99,5.85,1.46,ChangeUp,"hsla(79, 100%, 32%,1)",L,,,,,,,,,Miguel De La Cruz Segura
253,8,Top,Jalen Miller,Joseph Rosa,0,1,Called Strike,,0,FALSE,FALSE,FALSE,Jan-00,1,0,33,624166,,R,S,,IF,5.45,5/1/2025 1:01,88.74,2306,1:00,22.53,10.82,-5.18,-0.68,-0.13,2.48,5.99,1.41,Four-Seam,"hsla(188, 100%, 27%, 1)",L,,,,,,,,,Miguel De La Cruz Segura
254,8,Top,Jalen Miller,Joseph Rosa,0,2,Ball,,0,FALSE,FALSE,FALSE,Jan-00,1,0,34,624166,,R,S,,IF,5.06,5/1/2025 1:01,78.19,2228,7:30,-0.54,-2.05,-10.94,-4.1,-2.12,-0.15,5.99,1.58,Slider,"hsla(49, 100%, 44%,1)",L,,,,,,,,,Miguel De La Cruz Segura
255,8,Top,Jalen Miller,Joseph Rosa,1,2,Ball,,0,FALSE,FALSE,FALSE,Jan-00,1,0,35,624166,,R,S,,IF,5.66,5/1/2025 1:02,79.21,2209,1:15,16.35,12.13,-6.91,-1.7,-0.95,2.09,5.83,1.65,ChangeUp,"hsla(79, 100%, 32%,1)",L,,,,,,,,,Miguel De La Cruz Segura
256,8,Top,Jalen Miller,Joseph Rosa,2,2,Called Strike,strike out,0,FALSE,FALSE,FALSE,Jan-00,1,0,36,624166,,R,S,,IF,5.84,5/1/2025 1:02,79.3,2390,1:45,14.15,16.73,-6.26,-0.99,-0.73,2.87,5.81,1.59,ChangeUp,"hsla(188, 100%, 27%, 1)",L,,,,,,,,,Miguel De La Cruz Segura
257,8,Top,Jalen Miller,JJ Matijevic,0,0,Ball,,1,FALSE,FALSE,FALSE,Jan-00,1,0,37,624166,,R,L,,IF,5.93,5/1/2025 1:03,80.61,2356,1:15,17.17,11.21,-7.46,-1.45,-0.89,1.28,5.74,1.39,ChangeUp,"hsla(188, 100%, 27%, 1)",L,,,,,,,,,Miguel De La Cruz Segura
258,8,Top,Jalen Miller,JJ Matijevic,1,0,Called Strike,,1,FALSE,FALSE,FALSE,Jan-00,1,0,38,624166,,R,L,,IF,5.42,5/1/2025 1:03,89.11,2236,1:00,19.05,9.53,-4.73,0.62,1.25,3.32,6.01,1.46,Four-Seam,"hsla(321, 100%, 41%, 1)",L,,,,,,,,,Miguel De La Cruz Segura
259,8,Top,Jalen Miller,JJ Matijevic,1,1,Ball,,1,FALSE,FALSE,FALSE,Jan-00,1,0,39,624166,,R,L,,IF,6.03,5/1/2025 1:03,80.22,2247,1:15,16.57,12.31,-5.04,-1.39,-0.75,3.74,5.83,1.56,ChangeUp,"hsla(188, 100%, 27%, 1)",L,,,,,,,,,Miguel De La Cruz Segura
260,8,Top,Jalen Miller,JJ Matijevic,2,1,Ball,,1,FALSE,FALSE,FALSE,Jan-00,1,0,40,624166,,R,L,,IF,5.81,5/1/2025 1:03,77.76,2290,2:00,12.4,18.61,-8.53,1.13,1.03,0.99,5.73,1.53,ChangeUp,"hsla(188, 100%, 27%, 1)",L,,,,,,,,,Miguel De La Cruz Segura
261,8,Top,Jalen Miller,JJ Matijevic,3,1,Called Strike,,1,FALSE,FALSE,FALSE,Jan-00,1,0,41,624166,,R,L,,IF,5.48,5/1/2025 1:04,88.3,2264,12:30,22.18,5.96,-5.11,0.18,0.94,2.75,5.97,1.27,Four-Seam,"hsla(321, 100%, 41%, 1)",L,,,,,,,,,Miguel De La Cruz Segura
262,8,Top,Jalen Miller,JJ Matijevic,3,2,,Walk,1,FALSE,FALSE,FALSE,Jan-00,1,0,42,624166,,R,L,,IF,5.81,5/1/2025 1:04,77.28,2187,1:15,17.25,12.05,-7.88,-0.95,-0.28,1.28,5.79,1.6,ChangeUp,"hsla(188, 100%, 27%, 1)",L,,,,,,,,,Miguel De La Cruz Segura
263,8,Top,Jalen Miller,James Nelson,0,0,Ball,,1,TRUE,FALSE,FALSE,Jan-00,1,0,43,624166,,R,R,,IF,5.56,5/1/2025 1:05,89.91,2261,12:45,23.36,9.61,-3.25,-1.31,-1,4.12,5.93,1.02,Four-Seam,"hsla(321, 100%, 41%, 1)",R,,,,,,,,,Miguel De La Cruz Segura
264,8,Top,Jalen Miller,James Nelson,1,0,Foul,,1,TRUE,FALSE,FALSE,Jan-00,1,0,44,624166,,R,R,,IF,5.56,5/1/2025 1:05,86.87,2151,12:45,23.47,8.91,-4.59,-0.38,0.1,3.11,5.94,1.19,Four-Seam,"hsla(321, 100%, 41%, 1)",R,,,,,,,,,Miguel De La Cruz Segura
265,8,Top,Jalen Miller,James Nelson,1,1,,fly out to the first baseman,1,TRUE,FALSE,FALSE,Jan-00,1,0,45,624166,,R,R,,IF,5.59,5/1/2025 1:05,78.18,2271,1:30,15.49,14.08,-7.69,-0.39,-0.16,1.47,5.81,1.38,ChangeUp,"hsla(188, 100%, 27%, 1)",R,,,,,,,,,Miguel De La Cruz Segura
266,8,Top,Jalen Miller,Bobby Bradley,0,0,Ball,,2,TRUE,FALSE,FALSE,Jan-00,1,0,46,624166,,R,L,,IF,5.6,5/1/2025 1:06,89.57,2254,12:15,21.62,3.8,-6.33,-2.78,-1.86,1.34,5.88,1.05,Four-Seam,"hsla(321, 100%, 41%, 1)",L,,,,,,,,,Miguel De La Cruz Segura
267,8,Top,Jalen Miller,Bobby Bradley,1,0,Foul,,2,TRUE,FALSE,FALSE,Jan-00,1,0,47,624166,,R,L,,IF,5.54,5/1/2025 1:06,90.33,2336,12:30,24.27,6.58,-4.04,-0.76,-0.32,3.23,5.86,0.94,Four-Seam,"hsla(321, 100%, 41%, 1)",L,,,,,,,,,Miguel De La Cruz Segura
268,8,Top,Jalen Miller,Bobby Bradley,1,1,Called Strike,,2,TRUE,FALSE,FALSE,Jan-00,1,0,48,624166,,R,L,,IF,5.94,5/1/2025 1:07,78.27,2228,1:30,18.07,15.45,-5.96,-1.09,-0.89,2.89,5.72,1.4,ChangeUp,"hsla(188, 100%, 27%, 1)",L,,,,,,,,,Miguel De La Cruz Segura
269,8,Top,Jalen Miller,Bobby Bradley,1,2,Ball,,2,TRUE,FALSE,FALSE,Jan-00,1,0,49,624166,,R,L,,IF,5.61,5/1/2025 1:08,89.87,2311,1:00,19.15,11.1,-2.88,-0.34,-0.28,4.92,6,0.96,Four-Seam,"hsla(321, 100%, 41%, 1)",L,,,,,,,,,Miguel De La Cruz Segura
270,8,Top,Jalen Miller,Bobby Bradley,2,2,Foul,,2,TRUE,FALSE,FALSE,Jan-00,1,0,50,624166,,R,L,,IF,5.62,5/1/2025 1:08,81.98,2312,1:15,18.54,13.84,-6.03,0.64,0.64,2.47,5.81,1.19,ChangeUp,"hsla(188, 100%, 27%, 1)",L,,,,,,,,,Miguel De La Cruz Segura
271,8,Top,Jalen Miller,Bobby Bradley,2,2,,hbp,2,TRUE,FALSE,FALSE,Jan-00,1,0,51,624166,,R,L,,IF,5.63,5/1/2025 1:08,89.17,2260,1:00,21.34,10.13,-3.41,-1.18,-0.95,4.1,5.85,0.99,Four-Seam,"hsla(321, 100%, 41%, 1)",L,,,,,,,,,Miguel De La Cruz Segura
272,8,Top,Jalen Miller,Travis Demeritte,0,0,Ball,,2,TRUE,TRUE,FALSE,Jan-00,1,0,52,624166,,R,R,,IF,5.52,5/1/2025 1:09,87.69,2203,12:45,22.01,8.12,-5.91,0.96,1.39,1.92,5.93,1.16,Four-Seam,"hsla(321, 100%, 41%, 1)",R,,,,,,,,,Miguel De La Cruz Segura
273,8,Top,Jalen Miller,Travis Demeritte,1,0,,fly out to the catcher,2,TRUE,TRUE,FALSE,Jan-00,1,0,53,624166,,R,R,,IF,5.39,5/1/2025 1:09,86.83,2329,12:30,23.02,7.11,-5.26,-0.53,-0.06,2.58,6,1.03,Four-Seam,"hsla(321, 100%, 41%, 1)",R,,,,,,,,,Miguel De La Cruz Segura
274,8,Bottom,Frank Moscatiello,Brett Barrera,0,0,Ball,,0,FALSE,FALSE,FALSE,Jan-00,1,0,1,624166,,R,R,Jun-00,3B,,,,,,,,,,,,,,,,,,,,,,,,,Miguel De La Cruz Segura
275,8,Bottom,Frank Moscatiello,Brett Barrera,1,0,Ball,,0,FALSE,FALSE,FALSE,Jan-00,1,0,2,624166,,R,R,Jun-00,3B,,,,,,,,,,,,,,,,,,,,,,,,,Miguel De La Cruz Segura
276,8,Bottom,Frank Moscatiello,Brett Barrera,2,0,Called Strike,,0,FALSE,FALSE,FALSE,Jan-00,1,0,3,624166,,R,R,Jun-00,3B,,,,,,,,,,,,,,,,,,,,,,,,,Miguel De La Cruz Segura
277,8,Bottom,Frank Moscatiello,Brett Barrera,2,1,,fly out,0,FALSE,FALSE,FALSE,Jan-00,1,0,4,624166,,R,R,Jun-00,3B,,,,,,,,,,,,,,,,,,,,,,,,,Miguel De La Cruz Segura
278,8,Bottom,Frank Moscatiello,Gio Digiacomo,0,0,Ball,,1,FALSE,FALSE,FALSE,Jan-00,1,0,5,624166,,R,L,,OF,,,,,,,,,,,,,,,,,,,,,,,,,Miguel De La Cruz Segura
279,8,Bottom,Frank Moscatiello,Gio Digiacomo,1,0,Ball,,1,FALSE,FALSE,FALSE,Jan-00,1,0,6,624166,,R,L,,OF,,,,,,,,,,,,,,,,,,,,,,,,,Miguel De La Cruz Segura
280,8,Bottom,Frank Moscatiello,Gio Digiacomo,2,0,Ball,,1,FALSE,FALSE,FALSE,Jan-00,1,0,7,624166,,R,L,,OF,,,,,,,,,,,,,,,,,,,,,,,,,Miguel De La Cruz Segura
281,8,Bottom,Frank Moscatiello,Gio Digiacomo,3,0,Called Strike,,1,FALSE,FALSE,FALSE,Jan-00,1,0,8,624166,,R,L,,OF,,,,,,,,,,,,,,,,,,,,,,,,,Miguel De La Cruz Segura
282,8,Bottom,Frank Moscatiello,Gio Digiacomo,3,1,Swinging Strike,,1,FALSE,FALSE,FALSE,Jan-00,1,0,9,624166,,R,L,,OF,,,,,,,,,,,,,,,,,,,,,,,,,Miguel De La Cruz Segura
283,8,Bottom,Frank Moscatiello,Gio Digiacomo,3,2,,Walk,1,FALSE,FALSE,FALSE,Jan-00,1,0,10,624166,,R,L,,OF,,,,,,,,,,,,,,,,,,,,,,,,,Miguel De La Cruz Segura
284,8,Bottom,Frank Moscatiello,Joe Suozzi,0,0,Swinging Strike,,1,TRUE,FALSE,FALSE,Jan-00,1,0,11,624166,,R,R,,1B,,,,,,,,,,,,,,,,,,,,,,,,,Miguel De La Cruz Segura
285,8,Bottom,Frank Moscatiello,Joe Suozzi,0,1,Ball,,1,TRUE,FALSE,FALSE,Jan-00,1,0,12,624166,,R,R,,1B,,,,,,,,,,,,,,,,,,,,,,,,,Miguel De La Cruz Segura
286,8,Bottom,Frank Moscatiello,Joe Suozzi,1,1,Ball,,1,TRUE,FALSE,FALSE,Jan-00,1,0,13,624166,,R,R,,1B,,,,,,,,,,,,,,,,,,,,,,,,,Miguel De La Cruz Segura
287,8,Bottom,Frank Moscatiello,Joe Suozzi,2,1,Ball,,1,TRUE,FALSE,FALSE,Jan-00,1,0,14,624166,,R,R,,1B,,,,,,,,,,,,,,,,,,,,,,,,,Miguel De La Cruz Segura
288,8,Bottom,Frank Moscatiello,Joe Suozzi,3,1,,Walk,1,TRUE,FALSE,FALSE,Jan-00,1,0,15,624166,,R,R,,1B,,,,,,,,,,,,,,,,,,,,,,,,,Miguel De La Cruz Segura
289,8,Bottom,Frank Moscatiello,Dwight Childs,0,0,Called Strike,,1,TRUE,TRUE,FALSE,Jan-00,1,0,16,624166,,R,R,,C,,,,,,,,,,,,,,,,,,,,,,,,,Miguel De La Cruz Segura
290,8,Bottom,Frank Moscatiello,Dwight Childs,0,1,,single,1,TRUE,TRUE,FALSE,Jan-00,1,0,17,624166,,R,R,,C,,,,,,,,,,,,,,,,,,,,,,,,,Miguel De La Cruz Segura
291,8,Bottom,Frank Moscatiello,Jackson Loftin,0,0,Ball,,1,TRUE,TRUE,FALSE,Jan-00,1,0,18,624166,,R,R,2-Jun,U,,,,,,,,,,,,,,,,,,,,,,,,,Miguel De La Cruz Segura
292,8,Bottom,Frank Moscatiello,Jackson Loftin,1,0,Ball,,1,TRUE,TRUE,FALSE,Jan-00,1,0,19,624166,,R,R,2-Jun,U,,,,,,,,,,,,,,,,,,,,,,,,,Miguel De La Cruz Segura
293,8,Bottom,Frank Moscatiello,Jackson Loftin,2,0,,fly out to right field,1,TRUE,TRUE,FALSE,Jan-00,1,0,20,624166,,R,R,2-Jun,U,,,,,,,,,,,,,,,,,,,,,,,,,Miguel De La Cruz Segura
294,8,Bottom,Frank Moscatiello,John Taylor,0,0,Called Strike,,2,TRUE,TRUE,FALSE,Jan-00,1,0,21,624166,,R,L,,2B,,,,,,,,,,,,,,,,,,,,,,,,,Miguel De La Cruz Segura
295,8,Bottom,Frank Moscatiello,John Taylor,0,1,Ball,,2,TRUE,TRUE,FALSE,Jan-00,1,0,22,624166,,R,L,,2B,,,,,,,,,,,,,,,,,,,,,,,,,Miguel De La Cruz Segura
296,8,Bottom,Frank Moscatiello,John Taylor,1,1,Ball,,2,TRUE,TRUE,FALSE,Jan-00,1,0,23,624166,,R,L,,2B,,,,,,,,,,,,,,,,,,,,,,,,,Miguel De La Cruz Segura
297,8,Bottom,Frank Moscatiello,John Taylor,2,1,Ball,,2,TRUE,TRUE,FALSE,Jan-00,1,0,24,624166,,R,L,,2B,,,,,,,,,,,,,,,,,,,,,,,,,Miguel De La Cruz Segura
298,8,Bottom,Frank Moscatiello,John Taylor,3,1,Foul,,2,TRUE,TRUE,FALSE,Jan-00,1,0,25,624166,,R,L,,2B,,,,,,,,,,,,,,,,,,,,,,,,,Miguel De La Cruz Segura
299,8,Bottom,Frank Moscatiello,John Taylor,3,2,,Walk,2,TRUE,TRUE,FALSE,Jan-00,1,0,26,624166,,R,L,,2B,,,,,,,,,,,,,,,,,,,,,,,,,Miguel De La Cruz Segura
300,8,Bottom,Frank Moscatiello,Ethan Wilson,0,0,Foul,,2,TRUE,TRUE,TRUE,Jan-00,1,0,27,624166,,R,L,,RF,,,,,,,,,,,,,,,,,,,,,,,,,Miguel De La Cruz Segura
301,8,Bottom,Frank Moscatiello,Ethan Wilson,0,1,Swinging Strike,,2,TRUE,TRUE,TRUE,Jan-00,1,0,28,624166,,R,L,,RF,,,,,,,,,,,,,,,,,,,,,,,,,Miguel De La Cruz Segura
302,8,Bottom,Frank Moscatiello,Ethan Wilson,0,2,Swinging Strike,strike out,2,TRUE,TRUE,TRUE,Jan-00,1,0,29,624166,,R,L,,RF,,,,,,,,,,,,,,,,,,,,,,,,,Miguel De La Cruz Segura
303,9,Top,Tom King,Zach Daniels,0,0,Ball,,0,FALSE,FALSE,FALSE,Jan-00,1,0,1,624166,,R,R,,OF,,,,,,,,,,,,,,,,,,,,,,,,,Miguel De La Cruz Segura
304,9,Top,Tom King,Zach Daniels,1,0,Ball,,0,FALSE,FALSE,FALSE,Jan-00,1,0,2,624166,,R,R,,OF,,,,,,,,,,,,,,,,,,,,,,,,,Miguel De La Cruz Segura
305,9,Top,Tom King,Zach Daniels,2,0,,fly out to center field,0,FALSE,FALSE,FALSE,Jan-00,1,0,3,624166,,R,R,,OF,,,,,,,,,,,,,,,,,,,,,,,,,Miguel De La Cruz Segura
306,9,Top,Tom King,Ariel Pestano Jr.,0,0,Ball,,1,FALSE,FALSE,FALSE,Jan-00,1,0,4,624166,,R,R,,C,,,,,,,,,,,,,,,,,,,,,,,,,Miguel De La Cruz Segura
307,9,Top,Tom King,Ariel Pestano Jr.,1,0,Ball,,1,FALSE,FALSE,FALSE,Jan-00,1,0,5,624166,,R,R,,C,,,,,,,,,,,,,,,,,,,,,,,,,Miguel De La Cruz Segura
308,9,Top,Tom King,Ariel Pestano Jr.,2,0,Called Strike,,1,FALSE,FALSE,FALSE,Jan-00,1,0,6,624166,,R,R,,C,,,,,,,,,,,,,,,,,,,,,,,,,Miguel De La Cruz Segura
309,9,Top,Tom King,Ariel Pestano Jr.,2,1,Called Strike,,1,FALSE,FALSE,FALSE,Jan-00,1,0,7,624166,,R,R,,C,,,,,,,,,,,,,,,,,,,,,,,,,Miguel De La Cruz Segura
310,9,Top,Tom King,Ariel Pestano Jr.,2,2,Ball,,1,FALSE,FALSE,FALSE,Jan-00,1,0,8,624166,,R,R,,C,,,,,,,,,,,,,,,,,,,,,,,,,Miguel De La Cruz Segura
311,9,Top,Tom King,Ariel Pestano Jr.,3,2,Foul,,1,FALSE,FALSE,FALSE,Jan-00,1,0,9,624166,,R,R,,C,,,,,,,,,,,,,,,,,,,,,,,,,Miguel De La Cruz Segura
312,9,Top,Tom King,Ariel Pestano Jr.,3,2,,single,1,FALSE,FALSE,FALSE,Jan-00,1,0,10,624166,,R,R,,C,,,,,,,,,,,,,,,,,,,,,,,,,Miguel De La Cruz Segura
313,9,Top,Tom King,Ariel Pestano Jr.,3,2,,double,1,TRUE,FALSE,FALSE,Jan-00,1,0,11,624166,,R,R,,C,,,,,,,,,,,,,,,,,,,,,,,,,Miguel De La Cruz Segura
314,9,Top,Tom King,Benjamin Blackwell,0,0,Called Strike,,1,FALSE,TRUE,FALSE,Jan-00,1,0,12,624166,,R,R,,IF,,,,,,,,,,,,,,,,,,,,,,,,,Miguel De La Cruz Segura
315,9,Top,Tom King,Benjamin Blackwell,0,1,Called Strike,,1,FALSE,TRUE,FALSE,Jan-00,1,0,13,624166,,R,R,,IF,,,,,,,,,,,,,,,,,,,,,,,,,Miguel De La Cruz Segura
316,9,Top,Tom King,Benjamin Blackwell,0,2,,fly out,1,FALSE,FALSE,TRUE,Jan-00,1,0,14,624166,,R,R,,IF,,,,,,,,,,,,,,,,,,,,,,,,,Miguel De La Cruz Segura
317,9,Top,Tom King,Jonathan Soto,0,0,Swinging Strike,,2,FALSE,FALSE,TRUE,Jan-00,1,0,15,624166,,R,R,,C,,,,,,,,,,,,,,,,,,,,,,,,,Miguel De La Cruz Segura
318,9,Top,Tom King,Jonathan Soto,0,1,Called Strike,,2,FALSE,FALSE,TRUE,Jan-00,1,0,16,624166,,R,R,,C,,,,,,,,,,,,,,,,,,,,,,,,,Miguel De La Cruz Segura
319,9,Top,Tom King,Jonathan Soto,0,2,Ball,,2,FALSE,FALSE,TRUE,Jan-00,1,0,17,624166,,R,R,,C,,,,,,,,,,,,,,,,,,,,,,,,,Miguel De La Cruz Segura
320,9,Top,Tom King,Jonathan Soto,1,2,Ball,,2,FALSE,FALSE,TRUE,Jan-00,1,0,18,624166,,R,R,,C,,,,,,,,,,,,,,,,,,,,,,,,,Miguel De La Cruz Segura
321,9,Top,Tom King,Jonathan Soto,2,2,,fly out,2,FALSE,FALSE,TRUE,Jan-00,1,0,19,624166,,R,R,,C,,,,,,,,,,,,,,,,,,,,,,,,,Miguel De La Cruz Segura
322,9,Bottom,Frank Moscatiello,Alejandro De Aza,0,0,,fly out to left field,0,FALSE,FALSE,FALSE,Jan-00,1,0,30,624166,,R,L,,U,,,,,,,,,,,,,,,,,,,,,,,,,Miguel De La Cruz Segura
323,9,Bottom,Frank Moscatiello,Pearce Howard,0,0,Foul,,1,FALSE,FALSE,FALSE,Jan-00,1,0,31,624166,,R,L,3-Jun,OF,,,,,,,,,,,,,,,,,,,,,,,,,Miguel De La Cruz Segura
324,9,Bottom,Frank Moscatiello,Pearce Howard,0,1,Ball,,1,FALSE,FALSE,FALSE,Jan-00,1,0,32,624166,,R,L,3-Jun,OF,,,,,,,,,,,,,,,,,,,,,,,,,Miguel De La Cruz Segura
325,9,Bottom,Frank Moscatiello,Pearce Howard,1,1,Swinging Strike,,1,FALSE,FALSE,FALSE,Jan-00,1,0,33,624166,,R,L,3-Jun,OF,,,,,,,,,,,,,,,,,,,,,,,,,Miguel De La Cruz Segura
326,9,Bottom,Frank Moscatiello,Pearce Howard,1,2,Ball,,1,FALSE,FALSE,FALSE,Jan-00,1,0,34,624166,,R,L,3-Jun,OF,,,,,,,,,,,,,,,,,,,,,,,,,Miguel De La Cruz Segura
327,9,Bottom,Frank Moscatiello,Pearce Howard,2,2,Ball,,1,FALSE,FALSE,FALSE,Jan-00,1,0,35,624166,,R,L,3-Jun,OF,,,,,,,,,,,,,,,,,,,,,,,,,Miguel De La Cruz Segura
328,9,Bottom,Frank Moscatiello,Pearce Howard,3,2,,Walk,1,FALSE,FALSE,FALSE,Jan-00,1,0,36,624166,,R,L,3-Jun,OF,,,,,,,,,,,,,,,,,,,,,,,,,Miguel De La Cruz Segura
329,9,Bottom,Frank Moscatiello,Andy Valdes,0,0,Foul,,1,TRUE,FALSE,FALSE,Jan-00,1,0,37,624166,,R,S,,C,,,,,,,,,,,,,,,,,,,,,,,,,Miguel De La Cruz Segura
330,9,Bottom,Frank Moscatiello,Andy Valdes,0,1,Ball,,1,TRUE,FALSE,FALSE,Jan-00,1,0,38,624166,,R,S,,C,,,,,,,,,,,,,,,,,,,,,,,,,Miguel De La Cruz Segura
331,9,Bottom,Frank Moscatiello,Andy Valdes,1,1,,fly out to left field,1,TRUE,FALSE,FALSE,Jan-00,1,0,39,624166,,R,S,,C,,,,,,,,,,,,,,,,,,,,,,,,,Miguel De La Cruz Segura
332,9,Bottom,Frank Moscatiello,Gio Digiacomo,0,0,Called Strike,,2,TRUE,FALSE,FALSE,Jan-00,1,0,40,624166,,R,L,,OF,,,,,,,,,,,,,,,,,,,,,,,,,Miguel De La Cruz Segura
333,9,Bottom,Frank Moscatiello,Gio Digiacomo,0,1,Swinging Strike,,2,TRUE,FALSE,FALSE,Jan-00,1,0,41,624166,,R,L,,OF,,,,,,,,,,,,,,,,,,,,,,,,,Miguel De La Cruz Segura
334,9,Bottom,Frank Moscatiello,Gio Digiacomo,0,2,Ball,,2,TRUE,FALSE,FALSE,Jan-00,1,0,42,624166,,R,L,,OF,,,,,,,,,,,,,,,,,,,,,,,,,Miguel De La Cruz Segura
335,9,Bottom,Frank Moscatiello,Gio Digiacomo,1,2,Ball,,2,FALSE,TRUE,FALSE,Jan-00,1,0,43,624166,,R,L,,OF,,,,,,,,,,,,,,,,,,,,,,,,,Miguel De La Cruz Segura
336,9,Bottom,Frank Moscatiello,Gio Digiacomo,2,2,Foul,,2,FALSE,TRUE,FALSE,Jan-00,1,0,44,624166,,R,L,,OF,,,,,,,,,,,,,,,,,,,,,,,,,Miguel De La Cruz Segura
337,9,Bottom,Frank Moscatiello,Gio Digiacomo,2,2,Ball,,2,FALSE,TRUE,FALSE,Jan-00,1,0,45,624166,,R,L,,OF,,,,,,,,,,,,,,,,,,,,,,,,,Miguel De La Cruz Segura
338,9,Bottom,Frank Moscatiello,Gio Digiacomo,3,2,,single,2,FALSE,TRUE,FALSE,Jan-00,1,0,46,624166,,R,L,,OF,,,,,,,,,,,,,,,,,,,,,,,,,Miguel De La Cruz Segura
339,9,Bottom,Frank Moscatiello,Joe Suozzi,0,0,Ball,,2,TRUE,FALSE,FALSE,Jan-00,1,0,47,624166,,R,R,,1B,,,,,,,,,,,,,,,,,,,,,,,,,Miguel De La Cruz Segura
340,9,Bottom,Frank Moscatiello,Joe Suozzi,1,0,Swinging Strike,,2,TRUE,FALSE,FALSE,Jan-00,1,0,48,624166,,R,R,,1B,,,,,,,,,,,,,,,,,,,,,,,,,Miguel De La Cruz Segura
341,9,Bottom,Frank Moscatiello,Joe Suozzi,1,1,Foul,,2,TRUE,FALSE,FALSE,Jan-00,1,0,49,624166,,R,R,,1B,,,,,,,,,,,,,,,,,,,,,,,,,Miguel De La Cruz Segura
342,9,Bottom,Frank Moscatiello,Joe Suozzi,1,2,Swinging Strike,strike out,2,TRUE,FALSE,FALSE,Jan-00,1,0,50,624166,,R,R,,1B,,,,,,,,,,,,,,,,,,,,,,,,,Miguel De La Cruz Segura
,,,,,,,,,,,,,,,,,,,,,,,,,,,,,,,,,,,,,,,,,,,,,,,
,,,,,,,,,,,,,,,,,,,,,,,,,,,,,,,,,,,,,,,,,,,,,,,
